name,name,tradingsymbol,,exchange
CPSEINDEX,CPSE INDEX,CPSE INDEX,,NSE
HANGSENGBEES-NAV,HANGSENG BEES-NAV,HANGSENG BEES-NAV,,NSE
INDIAVIX,INDIA VIX,INDIA VIX,,NSE
LIX15,LIX 15,LIX 15,,NSE
NI15,NI15,NI15,,NSE
NIFTY100,NIFTY 100,NIFTY 100,,NSE
NIFTY200,NIFTY 200,NIFTY 200,,NSE
NIFTY50,NIFTY 50,NIFTY 50,,NSE
NIFTY500,NIFTY 500,NIFTY 500,,NSE
NIFTYALPHA50,NIFTY ALPHA 50,NIFTY ALPHA 50,,NSE
NIFTYAUTO,NIFTY AUTO,NIFTY AUTO,,NSE
NIFTYBANK,NIFTY BANK,NIFTY BANK,,NSE
NIFTYCOMMODITIES,NIFTY COMMODITIES,NIFTY COMMODITIES,,NSE
NIFTYCONSUMPTION,NIFTY CONSUMPTION,NIFTY CONSUMPTION,,NSE
NIFTYCPSE,NIFTY CPSE,NIFTY CPSE,,NSE
NIFTYDIVOPPS50,NIFTY DIV OPPS 50,NIFTY DIV OPPS 50,,NSE
NIFTYENERGY,NIFTY ENERGY,NIFTY ENERGY,,NSE
NIFTYFINSERVICE,NIFTY FIN SERVICE,NIFTY FIN SERVICE,,NSE
NIFTYFMCG,NIFTY FMCG,NIFTY FMCG,,NSE
NIFTYGROWSECT15,NIFTY GROWSECT 15,NIFTY GROWSECT 15,,NSE
NIFTYGS10YR,NIFTY GS 10YR,NIFTY GS 10YR,,NSE
NIFTYGS10YRCLN,NIFTY GS 10YR CLN,NIFTY GS 10YR CLN,,NSE
NIFTYGS1115YR,NIFTY GS 11 15YR,NIFTY GS 11 15YR,,NSE
NIFTYGS15YRPLUS,NIFTY GS 15YRPLUS,NIFTY GS 15YRPLUS,,NSE
NIFTYGS48YR,NIFTY GS 4 8YR,NIFTY GS 4 8YR,,NSE
NIFTYGS813YR,NIFTY GS 8 13YR,NIFTY GS 8 13YR,,NSE
NIFTYGSCOMPSITE,NIFTY GS COMPSITE,NIFTY GS COMPSITE,,NSE
NIFTYINFRA,NIFTY INFRA,NIFTY INFRA,,NSE
NIFTYIT,NIFTY IT,NIFTY IT,,NSE
NIFTYMEDIA,NIFTY MEDIA,NIFTY MEDIA,,NSE
NIFTYMETAL,NIFTY METAL,NIFTY METAL,,NSE
NIFTYMIDLIQ15,NIFTY MID LIQ 15,NIFTY MID LIQ 15,,NSE
NIFTYMIDCAP100,NIFTY MIDCAP 100,NIFTY MIDCAP 100,,NSE
NIFTYMIDCAP150,NIFTY MIDCAP 150,NIFTY MIDCAP 150,,NSE
NIFTYMIDCAP50,NIFTY MIDCAP 50,NIFTY MIDCAP 50,,NSE
NIFTYMIDSML400,NIFTY MIDSML 400,NIFTY MIDSML 400,,NSE
NIFTYMNC,NIFTY MNC,NIFTY MNC,,NSE
NIFTYNEXT50,NIFTY NEXT 50,NIFTY NEXT 50,,NSE
NIFTYPHARMA,NIFTY PHARMA,NIFTY PHARMA,,NSE
NIFTYPSE,NIFTY PSE,NIFTY PSE,,NSE
NIFTYPSUBANK,NIFTY PSU BANK,NIFTY PSU BANK,,NSE
NIFTYPVTBANK,NIFTY PVT BANK,NIFTY PVT BANK,,NSE
NIFTYREALTY,NIFTY REALTY,NIFTY REALTY,,NSE
NIFTYSERVSECTOR,NIFTY SERV SECTOR,NIFTY SERV SECTOR,,NSE
NIFTYSMLCAP100,NIFTY SMLCAP 100,NIFTY SMLCAP 100,,NSE
NIFTYSMLCAP250,NIFTY SMLCAP 250,NIFTY SMLCAP 250,,NSE
NIFTYSMLCAP50,NIFTY SMLCAP 50,NIFTY SMLCAP 50,,NSE
NIFTY100EQLWGT,NIFTY100 EQL WGT,NIFTY100 EQL WGT,,NSE
NIFTY100LIQ15,NIFTY100 LIQ 15,NIFTY100 LIQ 15,,NSE
NIFTY100LOWVOL30,NIFTY100 LOWVOL30,NIFTY100 LOWVOL30,,NSE
NIFTY100QUALTY30,NIFTY100 QUALTY30,NIFTY100 QUALTY30,,NSE
NIFTY200QUALTY30,NIFTY200 QUALTY30,NIFTY200 QUALTY30,,NSE
NIFTY50DIVPOINT,NIFTY50 DIV POINT,NIFTY50 DIV POINT,,NSE
NIFTY50EQLWGT,NIFTY50 EQL WGT,NIFTY50 EQL WGT,,NSE
NIFTY50PR1XINV,NIFTY50 PR 1X INV,NIFTY50 PR 1X INV,,NSE
NIFTY50PR2XLEV,NIFTY50 PR 2X LEV,NIFTY50 PR 2X LEV,,NSE
NIFTY50TR1XINV,NIFTY50 TR 1X INV,NIFTY50 TR 1X INV,,NSE
NIFTY50TR2XLEV,NIFTY50 TR 2X LEV,NIFTY50 TR 2X LEV,,NSE
NIFTY50VALUE20,NIFTY50 VALUE 20,NIFTY50 VALUE 20,,NSE
,,1018GS2026-GS,,NSE
,,1025GS2021-GS,,NSE
,,107GS2020-GS,,NSE
,,116GS2020-GS,,NSE
20MICRONS,20 MICRONS,20MICRONS,,NSE
21STCENTURYMGMTSERVICE,21ST CENTURY MGMT SERVICE,21STCENMGM,,NSE
3IINFOTECH.,3I INFOTECH.,3IINFOTECH,,NSE
3MINDIA,3M INDIA,3MINDIA,,NSE
3PLANDHOLDINGS,3P LAND HOLDINGS,3PLAND,,NSE
,,3RDROCK-IT,,NSE
,,587GS2022-GS,,NSE
,,597GS2025-GS,,NSE
5PAISACAPITAL,5PAISA CAPITAL,5PAISA,,NSE
,,601GS2028-GS,,NSE
,,613GS2028-GS,,NSE
,,617GS2021-GS,,NSE
,,617GS2023-GS,,NSE
,,618GS2024-GS,,NSE
,,63GS2023-GS,,NSE
63MOONSTECHNOLOGIES,63 MOONS TECHNOLOGIES,63MOONS,,NSE
,,645GS2029-GS,,NSE
,,657GS2033-GS,,NSE
,,662GS2051-GS,,NSE
,,665GS2020-GS,,NSE
,,668GS2031-GS,,NSE
,,679GS2027-GS,,NSE
,,679GS2029-GS,,NSE
,,683GS2039-GS,,NSE
,,684GS2022-GS,,NSE
,,697GS2026-GS,,NSE
,,700GS2021-GS,,NSE
,,706GS2046-GS,,NSE
,,716GS2023-GS,,NSE
,,717GS2028-GS,,NSE
,,726GS2029-GS,,NSE
,,727GS2026-GS,,NSE
,,732GS2024-GS,,NSE
,,735GS2024-GS,,NSE
,,737GS2023-GS,,NSE
,,74GS2035-GS,,NSE
,,757GS2033-GS,,NSE
,,759GS2026-GS,,NSE
,,759GS2029-GS,,NSE
,,75GS2034-GS,,NSE
,,761GS2030-GS,,NSE
,,762GS2039-GS,,NSE
,,763GS2059-GS,,NSE
,,768GS2023-GS,,NSE
,,769GS2043-GS,,NSE
,,772GS2025-GS,,NSE
,,772GS2049-GS,,NSE
,,772GS2055-GS,,NSE
,,773GS2034-GS,,NSE
,,788GS2030-GS,,NSE
,,78GS2020-GS,,NSE
,,78GS2021-GS,,NSE
,,794GS2021-GS,,NSE
,,795GS2032-GS,,NSE
,,808GS2022-GS,,NSE
,,812GS2020-GS,,NSE
,,813GS2022-GS,,NSE
,,813GS2045-GS,,NSE
,,815GS2022A-GS,,NSE
,,815GS2026-GS,,NSE
,,817GS2044-GS,,NSE
,,824GS2027-GS,,NSE
,,824GS2033-GS,,NSE
,,826GS2027-GS,,NSE
,,827GS2020-GS,,NSE
,,828GS2027-GS,,NSE
,,828GS2032-GS,,NSE
,,82GS2022-GS,,NSE
,,82GS2025-GS,,NSE
,,832GS2032-GS,,NSE
,,833GS2026-GS,,NSE
,,833GS2032-GS,,NSE
,,833GS2036-GS,,NSE
,,835GS2022-GS,,NSE
,,83GS2040-GS,,NSE
,,83GS2042-GS,,NSE
,,84GS2024-GS,,NSE
,,86GS2028-GS,,NSE
,,879GS2021-GS,,NSE
,,883GS2023-GS,,NSE
,,883GS2041-GS,,NSE
,,897GS2030-GS,,NSE
,,915GS2024-GS,,NSE
,,923GS2043-GS,,NSE
,,92GS2030-GS,,NSE
A2ZINFRAENGINEERING,A2Z INFRA ENGINEERING,A2ZINFRA,,NSE
,,AAKASH-SM,,NSE
,,AARON-SM,,NSE
AARTIDRUGS.,AARTI DRUGS.,AARTIDRUGS,,NSE
AARTIINDUSTRIES,AARTI INDUSTRIES,AARTIIND,,NSE
AARVEEDEN.&EXP.,AARVEE DEN. & EXP.,AARVEEDEN,,NSE
,,AARVI-SM,,NSE
AAVASFINANCIERS,AAVAS FINANCIERS,AAVAS,,NSE
ABANOFFSHORE.,ABAN OFFSHORE.,ABAN,,NSE
ABBINDIA,ABB INDIA,ABB,,NSE
ABBOTTINDIA,ABBOTT INDIA,ABBOTINDIA,,NSE
ADITYABIRLACAPITAL.,ADITYA BIRLA CAPITAL.,ABCAPITAL,,NSE
ADITYABIRLAFASHION&RT,ADITYA BIRLA FASHION & RT,ABFRL,,NSE
,,ABINFRA-SM,,NSE
ABMINTERNATIONAL,ABM INTERNATIONAL,ABMINTLTD-BE,,NSE
,,ABNINT-IT,,NSE
BIRLASLAMC-ABSLBANETF,BIRLASLAMC - ABSLBANETF,ABSLBANETF,,NSE
BIRLASLAMC-ABSLNN50ET,BIRLASLAMC - ABSLNN50ET,ABSLNN50ET,,NSE
ACC,ACC,ACC,,NSE
ACCELYASOLNINDIA,ACCELYA SOLN INDIA,ACCELYA,,NSE
,,ACCORD-SM,,NSE
,,ACCURACY-SM,,NSE
ACTIONCONSTEQUIP,ACTION CONST EQUIP,ACE,,NSE
,,ACEINTEG-SM,,NSE
ADANIENTERPRISES,ADANI ENTERPRISES,ADANIENT,,NSE
ADANIGAS,ADANI GAS,ADANIGAS,,NSE
ADANIGREENENERGY,ADANI GREEN ENERGY,ADANIGREEN,,NSE
ADANIPORT&SEZ,ADANI PORT & SEZ,ADANIPORTS,,NSE
ADANIPOWER,ADANI POWER,ADANIPOWER,,NSE
ADANITRANSMISSION,ADANI TRANSMISSION,ADANITRANS,,NSE
ADFFOODS,ADF FOODS,ADFFOODS,,NSE
ADHUNIKINDUSTRIES,ADHUNIK INDUSTRIES,ADHUNIKIND,,NSE
ADLABSENTERTAINMENT.,ADLABS ENTERTAINMENT.,ADLABS-BE,,NSE
ADORWELDING,ADOR WELDING,ADORWELD,,NSE
ADROITINFOTECH,ADROIT INFOTECH,ADROITINFO-BE,,NSE
ALLIEDDIGITALSERV.,ALLIED DIGITAL SERV.,ADSL-BE,,NSE
ADVANIHOT.&RES.(I),ADVANI HOT.& RES.(I),ADVANIHOTR,,NSE
ADVANCEDENZYMETECH,ADVANCED ENZYME TECH,ADVENZYMES,,NSE
AEGISLOGISTICS,AEGIS LOGISTICS,AEGISCHEM,,NSE
AFFLE(INDIA),AFFLE (INDIA),AFFLE,,NSE
AGARWALINDSCORP.,AGARWAL INDS CORP.,AGARIND,,NSE
AGCNETWORKS,AGC NETWORKS,AGCNET,,NSE
AGRI-TECH(INDIA),AGRI-TECH (INDIA),AGRITECH,,NSE
AGROPHOSINDIA,AGRO PHOS INDIA,AGROPHOS,,NSE
,,AHIMSA-SM,,NSE
,,AHLADA-SM,,NSE
ASIANHOTELS(EAST),ASIAN HOTELS (EAST),AHLEAST,,NSE
AHLUWALIACONTIND,AHLUWALIA CONT IND,AHLUCONT,,NSE
ASIANHOTELS(WEST),ASIAN HOTELS (WEST),AHLWEST,,NSE
AIAENGINEERING,AIA ENGINEERING,AIAENG,,NSE
MONNETISPAT&ENERGY,MONNET ISPAT & ENERGY,AIONJSW,,NSE
AIRAN,AIRAN,AIRAN,,NSE
,,AIROLAM-SM,,NSE
,,AISL-SM,,NSE
AJANTAPHARMA,AJANTA PHARMA,AJANTPHARM,,NSE
AJMERAREALTY&INFI,AJMERA REALTY & INF I,AJMERA,,NSE
,,AJOONI-SM,,NSE
AKASHINFRA-PROJECTS,AKASH INFRA-PROJECTS,AKASH-BE,,NSE
,,AKG-SM,,NSE
AKSHARCHEMINDIA,AKSHARCHEM INDIA,AKSHARCHEM,,NSE
AKSHOPTIFIBRE,AKSH OPTIFIBRE,AKSHOPTFBR,,NSE
AKZONOBELINDIA,AKZO NOBEL INDIA,AKZOINDIA,,NSE
ALANKIT,ALANKIT,ALANKIT,,NSE
ALBERTDAVID,ALBERT DAVID,ALBERTDAVD,,NSE
ALLAHABADBANK,ALLAHABAD BANK,ALBK,,NSE
ALCHEMIST,ALCHEMIST,ALCHEM-BE,,NSE
ALEMBIC,ALEMBIC,ALEMBICLTD,,NSE
ALICONCASTALLOY,ALICON CASTALLOY,ALICON,,NSE
ALKALIMETALS,ALKALI METALS,ALKALI,,NSE
ALKEMLABORATORIES.,ALKEM LABORATORIES.,ALKEM,,NSE
ALKYLAMINESCHEM.,ALKYL AMINES CHEM.,ALKYLAMINE,,NSE
ALLCARGOLOGISTICS,ALLCARGO LOGISTICS,ALLCARGO,,NSE
ALLSECTECHNOLOGIES,ALLSEC TECHNOLOGIES,ALLSEC,,NSE
ALMONDZGLOBALSEC,ALMONDZ GLOBAL SEC,ALMONDZ,,NSE
ALOKINDUSTRIES,ALOK INDUSTRIES,ALOKINDS-BE,,NSE
ALPALABORATORIES,ALPA LABORATORIES,ALPA,,NSE
ALPHAGEO(INDIA),ALPHAGEO (INDIA),ALPHAGEO,,NSE
ALPSINDUSTRIES.,ALPS INDUSTRIES.,ALPSINDUS-BE,,NSE
AMARARAJABATTERIES.,AMARA RAJA BATTERIES.,AMARAJABAT,,NSE
,,AMBANIORG-SM,,NSE
AMBERENTERPRISES(I),AMBER ENTERPRISES (I),AMBER,,NSE
AMBIKACOTTONMILL.,AMBIKA COTTON MILL.,AMBIKCO,,NSE
AMBUJACEMENTS,AMBUJA CEMENTS,AMBUJACEM,,NSE
AMDINDUSTRIES,AMD INDUSTRIES,AMDIND,,NSE
AMJLANDHOLDINGS,AMJ LAND HOLDINGS,AMJLAND,,NSE
,,AMJUMBO-SM,,NSE
AMRUTAJANHEALTH,AMRUTAJAN HEALTH,AMRUTANJAN,,NSE
ANANTRAJ,ANANT RAJ,ANANTRAJ,,NSE
ANDHRABANK,ANDHRA BANK,ANDHRABANK,,NSE
ANDHRACEMENTS,ANDHRA CEMENTS,ANDHRACEMT,,NSE
ANDHRASUGARS,ANDHRA SUGARS,ANDHRSUGAR,,NSE
ANDHRAPAPER,ANDHRA PAPER,ANDPAPER,,NSE
ANIKINDUSTRIES,ANIK INDUSTRIES,ANIKINDS-BE,,NSE
ANKITMET&POW,ANKIT MET & POW,ANKITMETAL-BE,,NSE
ANSALPROP&INFRA,ANSAL PROP & INFRA,ANSALAPI,,NSE
ANSALHOUSING,ANSAL HOUSING,ANSALHSG-BE,,NSE
ANTARCTICA,ANTARCTICA,ANTGRAPHIC-BE,,NSE
THEANUPENGINEERING,THE ANUP ENGINEERING,ANUP,,NSE
APARINDUSTRIES.,APAR INDUSTRIES.,APARINDS,,NSE
ANJANIPORTLANDCEM,ANJANI PORTLAND CEM,APCL,,NSE
APCOTEXINDUSTRIESLIMITE,APCOTEX INDUSTRIES LIMITE,APCOTEXIND,,NSE
APEXFROZENFOODS,APEX FROZEN FOODS,APEX,,NSE
APLAPOLLOTUBES,APL APOLLO TUBES,APLAPOLLO,,NSE
ALEMBICPHARMA,ALEMBIC PHARMA,APLLTD,,NSE
APOLLOMICROSYSTEMS,APOLLO MICRO SYSTEMS,APOLLO,,NSE
APOLLOHOSPITALSENTER.L,APOLLO HOSPITALS ENTER. L,APOLLOHOSP,,NSE
APOLLOPIPES,APOLLO PIPES,APOLLOPIPE,,NSE
APOLLOTYRES,APOLLO TYRES,APOLLOTYRE,,NSE
APOLLOSINDOORIHOTEL,APOLLO SINDOORI HOTEL,APOLSINHOT,,NSE
APTECH,APTECH,APTECHT,,NSE
ARCHIDPLYIND.,ARCHIDPLY IND.,ARCHIDPLY-BE,,NSE
ARCHIES,ARCHIES,ARCHIES,,NSE
ARCOTECH,ARCOTECH,ARCOTECH-BE,,NSE
RAJDARSHANINDUSTRIES,RAJDARSHAN INDUSTRIES,ARENTERP,,NSE
ARIESAGRO.,ARIES AGRO.,ARIES,,NSE
ARIHANTFOUN&HOU,ARIHANT FOUN & HOU,ARIHANT,,NSE
ARIHANTSUPERSTRUCT,ARIHANT SUPERSTRUCT,ARIHANTSUP,,NSE
ARMANFINSERV,ARMAN FIN SERV,ARMANFIN,,NSE
AROGRANITEIND..,ARO GRANITE IND..,AROGRANITE,,NSE
ARROWGREENTECH,ARROW GREENTECH,ARROWGREEN-BE,,NSE
ARSHIYA,ARSHIYA,ARSHIYA,,NSE
ARSSINFRAPROJ.,ARSS INFRA PROJ.,ARSSINFRA,,NSE
,,ARTEDZ-SM,,NSE
ARTEMISMEDSERVICE,ARTEMIS MED SERVICE,ARTEMISMED,,NSE
,,ARTNIRMAN-SM,,NSE
,,ARVEE-SM,,NSE
ARVIND,ARVIND,ARVIND,,NSE
ARVINDFASHIONS,ARVIND FASHIONS,ARVINDFASN,,NSE
ARVINDSMARTSPACES,ARVIND SMARTSPACES,ARVSMART,,NSE
ASAHIINDIAGLASS,ASAHI INDIA GLASS,ASAHIINDIA,,NSE
ASAHISONGWONCOLOR,ASAHI SONGWON COLOR,ASAHISONG,,NSE
AUTOMOTIVESTAMPINGS&AS,AUTOMOTIVE STAMPINGS & AS,ASAL,,NSE
ASSOALCOHOLS&BREW,ASSO ALCOHOLS & BREW,ASALCBR,,NSE
,,ASCOM-SM,,NSE
ASHAPURAMINECHEM,ASHAPURA MINECHEM,ASHAPURMIN,,NSE
ASHIANAHOUSING,ASHIANA HOUSING,ASHIANA,,NSE
ASHIMA,ASHIMA,ASHIMASYN,,NSE
ASHOKABUILDCON,ASHOKA BUILDCON,ASHOKA,,NSE
ASHOKLEYLAND,ASHOK LEYLAND,ASHOKLEY,,NSE
ASIANHOTELS(NORTH),ASIAN HOTELS (NORTH),ASIANHOTNR,,NSE
ASIANPAINTS,ASIAN PAINTS,ASIANPAINT,,NSE
ASIANGRANITOIND..,ASIAN GRANITO IND..,ASIANTILES,,NSE
,,ASLIND-SM,,NSE
ASPINWALL&CO,ASPINWALL & CO,ASPINWALL,,NSE
ASTECLIFESCIENCES,ASTEC LIFESCIENCES,ASTEC,,NSE
ASTERDMHEALTHCARE.,ASTER DM HEALTHCARE.,ASTERDM,,NSE
ASTRALPOLYTECH,ASTRAL POLY TECH,ASTRAL,,NSE
ASTRAMICROWAVE,ASTRA MICROWAVE,ASTRAMICRO,,NSE
ASTRAZENECAPHARMAINDLT,ASTRAZENECA PHARMA IND LT,ASTRAZEN,,NSE
ASTRONPAPERBORDMIL,ASTRON PAPER BORD MIL,ASTRON,,NSE
AGROTECHFOODS,AGRO TECH FOODS,ATFL,,NSE
ATLANTA,ATLANTA,ATLANTA,,NSE
ATLASCYCLE(HARYANA),ATLAS CYCLE (HARYANA),ATLASCYCLE-BE,,NSE
ATUL,ATUL,ATUL,,NSE
ATULAUTO,ATUL AUTO,ATULAUTO,,NSE
AUSMALLFINANCEBANK,AU SMALL FINANCE BANK,AUBANK,,NSE
,,AURDIS-SM,,NSE
AURIONPROSOLN,AURIONPRO SOLN,AURIONPRO,,NSE
AUROBINDOPHARMA,AUROBINDO PHARMA,AUROPHARMA,,NSE
AUSOMENTERPRISE,AUSOM ENTERPRISE,AUSOMENT-BE,,NSE
AUTOMOTIVEAXLES,AUTOMOTIVE AXLES,AUTOAXLES,,NSE
AUTOLINEINDUSTRIES,AUTOLINE INDUSTRIES,AUTOIND-BE,,NSE
AUTOLITE(INDIA),AUTOLITE (INDIA),AUTOLITIND,,NSE
AVADHSUG&ENERGY,AVADH SUG & ENERGY,AVADHSUGAR,,NSE
AVANTIFEEDS,AVANTI FEEDS,AVANTIFEED,,NSE
,,AVENTUS-IT,,NSE
,,AVG-SM,,NSE
,,AVROIND-SM,,NSE
,,AVSL-SM,,NSE
AVTNATURALPRODUCTS,AVT NATURAL PRODUCTS,AVTNPL,,NSE
AXISBANK,AXIS BANK,AXISBANK,,NSE
AXISCADESENGGTECH,AXISCADES ENGG TECH,AXISCADES-BE,,NSE
AXISMF-AXISGOLDETF,AXIS MF - AXIS GOLD ETF,AXISGOLD,,NSE
AXISAMC-AXISNIFTY,AXISAMC - AXISNIFTY,AXISNIFTY,,NSE
AYMSYNTEX,AYM SYNTEX,AYMSYNTEX,,NSE
,,BABAFOOD-SM,,NSE
B.A.GFILMSANDMEDIA,B.A.G FILMS AND MEDIA,BAGFILMS-BE,,NSE
BAJAJAUTO,BAJAJ AUTO,BAJAJ-AUTO,,NSE
BAJAJCONSUMERCARE,BAJAJ CONSUMER CARE,BAJAJCON,,NSE
BAJAJELECT.LTD,BAJAJ ELECT.LTD,BAJAJELEC,,NSE
BAJAJFINSERV.,BAJAJ FINSERV.,BAJAJFINSV,,NSE
BAJAJHINDUSTHANSUGARLT,BAJAJ HINDUSTHAN SUGAR LT,BAJAJHIND,,NSE
BAJAJHOLDINGS&INVS,BAJAJ HOLDINGS & INVS,BAJAJHLDNG,,NSE
BAJAJFINANCE,BAJAJ FINANCE,BAJFINANCE,,NSE
BALAJITELEFILMS,BALAJI TELEFILMS,BALAJITELE,,NSE
BALAJIAMINES,BALAJI AMINES,BALAMINES,,NSE
BALAXIVENTURES,BALAXI VENTURES,BALAXI,,NSE
BALKRISHNAPAPERMILLSL,BALKRISHNA PAPER MILLS L,BALKRISHNA,,NSE
BALKRISHNAIND.,BALKRISHNA IND.,BALKRISIND,,NSE
BALLARPURINDUSTRIES,BALLARPUR INDUSTRIES,BALLARPUR-BE,,NSE
BALMERLAWRIE&CO,BALMER LAWRIE & CO,BALMLAWRIE,,NSE
BALPHARMA.,BAL PHARMA.,BALPHARMA,,NSE
BALRAMPURCHINIMILLS,BALRAMPUR CHINI MILLS,BALRAMCHIN,,NSE
BANARASBEADS,BANARAS BEADS,BANARBEADS,,NSE
BANNARIAMMANSUGARS,BANNARI AMMAN SUGARS,BANARISUG,,NSE
BANCOPRODUCTS(I),BANCO PRODUCTS (I),BANCOINDIA,,NSE
BANDHANBANK,BANDHAN BANK,BANDHANBNK,,NSE
BANGOVERSEAS.,BANG OVERSEAS.,BANG,,NSE
,,BANKA-SM,,NSE
BANKOFBARODA,BANK OF BARODA,BANKBARODA,,NSE
NIPPONINDIAETFBANKBEES,NIPPONINDIA ETF BANK BEES,BANKBEES,,NSE
BANKOFINDIA,BANK OF INDIA,BANKINDIA,,NSE
BANSWARASYNTEX,BANSWARA SYNTEX,BANSWRAS-BE,,NSE
BARTRONICSINDIA,BARTRONICS INDIA,BARTRONICS-BE,,NSE
BASFINDIA,BASF INDIA,BASF,,NSE
BANNARIAMSPINMILL.,BANNARI AM SPIN MILL.,BASML,,NSE
BATAINDIA,BATA INDIA,BATAINDIA,,NSE
BAYERCROPSCIENCE,BAYER CROPSCIENCE,BAYERCROP,,NSE
BHARATBIJLEE,BHARAT BIJLEE,BBL,,NSE
BOMBAYBURMAHTRADINGCOR,BOMBAY BURMAH TRADING COR,BBTC,,NSE
,,BBTCL-SM,,NSE
BRIGHTCOMGROUP,BRIGHTCOM GROUP,BCG-BE,,NSE
,,BCONCEPTS-SM,,NSE
B.C.POWERCONTROLS,B.C. POWER CONTROLS,BCP-BE,,NSE
BHARATDYNAMICS,BHARAT DYNAMICS,BDL,,NSE
,,BDR-IT,,NSE
BEARDSELL,BEARDSELL,BEARDSELL-BE,,NSE
BEDMUTHAINDUST,BEDMUTHA INDUST,BEDMUTHA-BE,,NSE
BHARATELECTRONICS,BHARAT ELECTRONICS,BEL,,NSE
BEML,BEML,BEML,,NSE
BHANSALIENG.POLYMERSLT,BHANSALI ENG. POLYMERS LT,BEPL,,NSE
BERGERPAINTS(I),BERGER PAINTS (I),BERGEPAINT,,NSE
,,BETA-SM,,NSE
BFINVESTMENT,BF INVESTMENT,BFINVEST,,NSE
BFUTILITIES,BF UTILITIES,BFUTILITIE,,NSE
BHARATIYAGLOBALINFO,BHARATIYA GLOBAL INFO,BGLOBAL-BE,,NSE
BGRENERGYSYSTEMS,BGR ENERGY SYSTEMS,BGRENERGY,,NSE
BHAGERIAINDUSTRIES,BHAGERIA INDUSTRIES,BHAGERIA,,NSE
BHAGYANAGARINDIA,BHAGYANAGAR INDIA,BHAGYANGR,,NSE
BHAGYANAGARPRO,BHAGYANAGAR PRO,BHAGYAPROP,,NSE
,,BHALCHANDR-IT,,NSE
BHANDARIHOSIERYEXP,BHANDARI HOSIERY EXP,BHANDARI,,NSE
BHARATFORGE,BHARAT FORGE,BHARATFORG,,NSE
BHARATGEARS,BHARAT GEARS,BHARATGEAR-BE,,NSE
BHARATRASAYAN,BHARAT RASAYAN,BHARATRAS,,NSE
BHARATWIREROPES.,BHARAT WIRE ROPES.,BHARATWIRE,,NSE
BHARTIAIRTEL,BHARTI AIRTEL,BHARTIARTL,,NSE
BHEL,BHEL,BHEL,,NSE
BIGBLOCCONSTRUCTION,BIGBLOC CONSTRUCTION,BIGBLOC-BE,,NSE
BHARTIYAINTERNATIONAL,BHARTIYA INTERNATIONAL,BIL,,NSE
BILENERGYSYSTEMS,BIL ENERGY SYSTEMS,BILENERGY,,NSE
OSWALCHEM.&FERT..,OSWAL CHEM. & FERT..,BINDALAGRO,,NSE
BIOCON,BIOCON,BIOCON,,NSE
BIOFILCHEM&PHARMA.,BIOFIL CHEM & PHARMA.,BIOFILCHEM-BE,,NSE
BIRLACABLE,BIRLA CABLE,BIRLACABLE,,NSE
BIRLACORPORATION,BIRLA CORPORATION,BIRLACORPN,,NSE
ADITYABIRLAMONEY,ADITYA BIRLA MONEY,BIRLAMONEY,,NSE
BIRLATYRES,BIRLA TYRES,BIRLATYRE-BE,,NSE
BKMINDUSTRIES,BKM INDUSTRIES,BKMINDST,,NSE
BLB,BLB,BLBLIMITED,,NSE
BLISSGVSPHARMA,BLISS GVS PHARMA,BLISSGVS,,NSE
B.L.KASHYAP&SON,B.L.KASHYAP & SON,BLKASHYAP,,NSE
BLSINTLSERVS,BLS INTL SERVS,BLS,,NSE
BLUEBLENDS(I),BLUE BLENDS (I),BLUEBLENDS-BE,,NSE
BLUEDARTEXPRESS,BLUE DART EXPRESS,BLUEDART,,NSE
BLUESTAR,BLUE STAR,BLUESTARCO,,NSE
BODALCHEMICALS,BODAL CHEMICALS,BODALCHEM,,NSE
,,BOHRA-SM,,NSE
BOMBAYDYEING&MFG.COL,BOMBAY DYEING & MFG. CO L,BOMDYEING,,NSE
BOROSILRENEWABLES,BOROSIL RENEWABLES,BORORENEW,,NSE
BOSCH,BOSCH,BOSCHLTD,,NSE
BHARATPETROLEUMCORPLT,BHARAT PETROLEUM CORP  LT,BPCL,,NSE
BPL,BPL,BPL,,NSE
BOMBAYRAYONFASHIONS,BOMBAY RAYON FASHIONS,BRFL,,NSE
BRIGADEENTER.,BRIGADE ENTER.,BRIGADE,,NSE
,,BRIGHT-SM,,NSE
BRITANNIAINDUSTRIES,BRITANNIA INDUSTRIES,BRITANNIA,,NSE
,,BRITANNIA-N2,,NSE
BHARATROADNETWORK,BHARAT ROAD NETWORK,BRNL,,NSE
BROOKSLAB,BROOKS LAB,BROOKS,,NSE
BSE,BSE,BSE,,NSE
BSELINFRASTRUCTUREREALT,BSEL INFRASTRUCTURE REALT,BSELINFRA,,NSE
,,BSHSL-SM,,NSE
BSL,BSL,BSL,,NSE
ADITYBIRLASLGOLDETF-GR,ADITYBIRLA SL GOLD ETF-GR,BSLGOLDETF,,NSE
ADITYBIRLASLNIFETF-GR,ADITYBIRLA SL NIF ETF-GR,BSLNIFTY,,NSE
BIRLASOFT,BIRLASOFT,BSOFT,,NSE
BURNPURCEMENT.,BURNPUR CEMENT.,BURNPUR,,NSE
BTRFLYGANDHIAPPL,BTRFLY GANDHI APPL,BUTTERFLY,,NSE
BARAKVALLEYCEM..,BARAK VALLEY CEM..,BVCL-BE,,NSE
THEBYKEHOSPITALITY,THE BYKE HOSPITALITY,BYKE,,NSE
CADILAHEALTHCARE,CADILA HEALTHCARE,CADILAHC,,NSE
,,CADSYS-SM,,NSE
CALIFORNIASOFTWARECOLT,CALIFORNIA SOFTWARE CO LT,CALSOFT,,NSE
CAMLINFINESCIENCES,CAMLIN FINE SCIENCES,CAMLINFINE,,NSE
CANARABANK,CANARA BANK,CANBK,,NSE
,,CANDC-BZ,,NSE
CANFINHOMES,CAN FIN HOMES,CANFINHOME,,NSE
CANTABILRETAIL,CANTABIL RETAIL,CANTABIL,,NSE
CAPACITEINFRAPROJECT,CAPACITE INFRAPROJECT,CAPACITE,,NSE
CAPLINPOINTLAB.,CAPLIN POINT LAB.,CAPLIPOINT,,NSE
CAPITALTRUST,CAPITAL TRUST,CAPTRUST,,NSE
CARBORUNDUMUNIVERSAL,CARBORUNDUM UNIVERSAL,CARBORUNIV,,NSE
CAREERPOINT,CAREER POINT,CAREERP,,NSE
CARERATINGS,CARE RATINGS,CARERATING,,NSE
CASTEXTECHNOLOGIES.,CASTEX TECHNOLOGIES.,CASTEXTECH-BE,,NSE
CASTROLINDIA,CASTROL INDIA,CASTROLIND,,NSE
COUNTRYCLUBHOSPHOL,COUNTRY CLUB HOSP HOL,CCHHL-BE,,NSE
CCLPRODUCTS(I),CCL PRODUCTS (I),CCL,,NSE
CENTRALDEPOSER(I),CENTRAL DEPO SER (I),CDSL,,NSE
CEAT,CEAT,CEATLTD,,NSE
COMMERCIALENG&CO.,COMMERCIAL ENG & CO.,CEBBCO,,NSE
CELEBRITYFASHIONS,CELEBRITY FASHIONS,CELEBRITY,,NSE
CELESTIALBIOLABS,CELESTIAL BIOLABS,CELESTIAL-BE,,NSE
CENTURYENKA,CENTURY ENKA,CENTENKA,,NSE
CENTURYEXTRUSIONS,CENTURY EXTRUSIONS,CENTEXT,,NSE
CENTRALBANKOFINDIA,CENTRAL BANK OF INDIA,CENTRALBK,,NSE
CENTRUMCAPITAL,CENTRUM CAPITAL,CENTRUM,,NSE
CENTUMELECTRONICS,CENTUM ELECTRONICS,CENTUM,,NSE
CENTURYPLYBOARDS(I),CENTURY PLYBOARDS (I),CENTURYPLY,,NSE
CENTURYTEXTILES,CENTURY TEXTILES,CENTURYTEX,,NSE
CERASANITARYWARE,CERA SANITARYWARE,CERA,,NSE
CEREBRAINTTECH,CEREBRA INT TECH,CEREBRAINT-BE,,NSE
CESC,CESC,CESC,,NSE
CESCVENTURES,CESC VENTURES,CESCVENT,,NSE
CAPRIGLOBALCAPITAL,CAPRI GLOBAL CAPITAL,CGCL,,NSE
CGPOWERANDINDSOL,CG POWER AND IND SOL,CGPOWER,,NSE
CHALETHOTELS,CHALET HOTELS,CHALET,,NSE
CHAMBALFERTILIZERS,CHAMBAL FERTILIZERS,CHAMBLFERT,,NSE
CHEMBONDCHEMICALS,CHEMBOND CHEMICALS,CHEMBOND,,NSE
CHEMFABALKALIS,CHEMFAB ALKALIS,CHEMFAB,,NSE
CHENNAIPETROLEUMCORPLT,CHENNAI PETROLEUM CORP LT,CHENNPETRO,,NSE
CHOLAMANDALAMIN&FINCO,CHOLAMANDALAM IN & FIN CO,CHOLAFIN,,NSE
CHOLAMANDALAMFINHOL,CHOLAMANDALAM FIN HOL,CHOLAHLDNG,,NSE
CHROMATICINDIA,CHROMATIC INDIA,CHROMATIC,,NSE
CIGNITITECHNOLOGIES,CIGNITI TECHNOLOGIES,CIGNITITEC,,NSE
CIMMCO,CIMMCO,CIMMCO,,NSE
CINELINEINDIA,CINELINE INDIA,CINELINE,,NSE
CINEVISTA,CINEVISTA,CINEVISTA,,NSE
CIPLA,CIPLA,CIPLA,,NSE
COX&KINGSFINSERV,COX & KINGS FIN SERV,CKFSL,,NSE
,,CKPLEISURE-SM,,NSE
,,CKPPRODUCT-SM,,NSE
CLEDUCATE,CL EDUCATE,CLEDUCATE,,NSE
CLARIANTCHEMICALS(INDIA,CLARIANT CHEMICALS (INDIA,CLNINDIA,,NSE
CMI,CMI,CMICABLES,,NSE
,,CMMIPL-SM,,NSE
CILNOVAPETROCHEM,CIL NOVA PETROCHEM,CNOVAPETRO-BE,,NSE
COALINDIA,COAL INDIA,COALINDIA,,NSE
COCHINSHIPYARD,COCHIN SHIPYARD,COCHINSHIP,,NSE
COLGATEPALMOLIVE.,COLGATE PALMOLIVE.,COLPAL,,NSE
COMPUAGEINFOCOM,COMPUAGE INFOCOM,COMPINFO,,NSE
COMPUCOMSOFTWARE,COMPUCOM SOFTWARE,COMPUSOFT,,NSE
CONTAINERCORPOFIND,CONTAINER CORP OF IND,CONCOR,,NSE
CONFIDENCEPETROIND.,CONFIDENCE PETRO IND.,CONFIPET,,NSE
CONSO.FIN.&HOLD..,CONSO. FIN. & HOLD..,CONSOFINVT,,NSE
,,CONTI-SM,,NSE
CONTROLPRINT,CONTROL PRINT,CONTROLPR,,NSE
CORALINDIAFIN&HOUSLT,CORAL INDIA FIN & HOUS LT,CORALFINAC,,NSE
CORDSCABLEINDUS.,CORDS CABLE INDUS.,CORDSCABLE,,NSE
COROMANDELINTERNTL.,COROMANDEL INTERNTL.,COROMANDEL,,NSE
CORPORATIONBANK,CORPORATION BANK,CORPBANK,,NSE
COSMOFILMS,COSMO FILMS,COSMOFILMS,,NSE
COUNTRYCONDO'S,COUNTRY CONDO'S,COUNCODOS,,NSE
,,COX&KINGS-BZ,,NSE
CPSEETF,CPSE ETF,CPSEETF,,NSE
CREATIVEPERI&DIST.,CREATIVE PERI & DIST.,CREATIVE-BE,,NSE
CREATIVEEYE,CREATIVE EYE,CREATIVEYE,,NSE
CREDITACCESSGRAMEEN,CREDITACCESS GRAMEEN,CREDITACC,,NSE
CRESTVENTURES,CREST VENTURES,CREST,,NSE
CRISIL,CRISIL,CRISIL,,NSE
CROMPTGREACONELEC,CROMPT GREA CON ELEC,CROMPTON,,NSE
,,CROWN-SM,,NSE
CSBBANK,CSB BANK,CSBBANK,,NSE
CAMBRIDGETECHENTER,CAMBRIDGE TECH ENTER,CTE,,NSE
CITYUNIONBANK,CITY UNION BANK,CUB,,NSE
CUBEXTUBINGS,CUBEX TUBINGS,CUBEXTUB,,NSE
CUMMINSINDIA,CUMMINS INDIA,CUMMINSIND,,NSE
CUPID,CUPID,CUPID,,NSE
CURATECHNOLOGIES,CURA TECHNOLOGIES,CURATECH-BE,,NSE
CYBERMEDIA(INDIA).,CYBER MEDIA (INDIA).,CYBERMEDIA-BE,,NSE
CYBERTECHSYSTEMS&SOFTW,CYBERTECH SYSTEMS & SOFTW,CYBERTECH,,NSE
CYIENT,CYIENT,CYIENT,,NSE
LTFOODS,LT FOODS,DAAWAT,,NSE
DABURINDIA,DABUR INDIA,DABUR,,NSE
DALMIABHARAT,DALMIA BHARAT,DALBHARAT,,NSE
DALMIABHARATSUGIN,DALMIA BHARAT SUG IN,DALMIASUG,,NSE
DAMODARINDUSTRIES,DAMODAR INDUSTRIES,DAMODARIND,,NSE
,,DANGEE-SM,,NSE
DATAMATICSGLOBALSER,DATAMATICS GLOBAL SER,DATAMATICS,,NSE
D.B.CORP,D.B.CORP,DBCORP,,NSE
DILIPBUILDCON,DILIP BUILDCON,DBL,,NSE
DBREALTY,D B REALTY,DBREALTY-BE,,NSE
DB(INT)STOCKBROKERS,DB (INT) STOCK BROKERS,DBSTOCKBRO-BE,,NSE
DISHMANCARBOAMCIS,DISHMAN CARBO AMCIS,DCAL,,NSE
DCBBANK,DCB BANK,DCBBANK,,NSE
,,DCI-SM,,NSE
DCM,DCM,DCM,,NSE
DCMFINANCIALSERVICESLT,DCM FINANCIAL SERVICES LT,DCMFINSERV,,NSE
DCMNOUVELLE,DCM NOUVELLE,DCMNVL,,NSE
DCMSHRIRAM,DCM SHRIRAM,DCMSHRIRAM,,NSE
DCW,DCW,DCW,,NSE
DECCANCEMENTS,DECCAN CEMENTS,DECCANCE,,NSE
DEEPAKFERTILIZERS&PETR,DEEPAK FERTILIZERS & PETR,DEEPAKFERT,,NSE
DEEPAKNITRITE,DEEPAK NITRITE,DEEPAKNTR,,NSE
DEEPINDUSTRIES,DEEP INDUSTRIES,DEEPIND,,NSE
DELTACORP,DELTA CORP,DELTACORP,,NSE
DELTAMAGNETS,DELTA MAGNETS,DELTAMAGNT,,NSE
DENNETWORKS,DEN NETWORKS,DEN,,NSE
DENORAINDIA,DE NORA INDIA,DENORA,,NSE
,,DEVIT-SM,,NSE
DFMFOODS,DFM FOODS,DFMFOODS,,NSE
DIGICONTENT,DIGICONTENT,DGCONTENT-BE,,NSE
DHAMPURSUGARMILLS.,DHAMPUR SUGAR MILLS.,DHAMPURSUG,,NSE
DHANLAXMIBANK,DHANLAXMI BANK,DHANBANK,,NSE
DHANUKAAGRITECH,DHANUKA AGRITECH,DHANUKA,,NSE
DHARANISUGARS&CHEMICAL,DHARANI SUGARS & CHEMICAL,DHARSUGAR,,NSE
DEWANHOUSINGFINCORPLT,DEWAN HOUSING FIN CORP LT,DHFL,,NSE
,,DHFL-N3,,NSE
,,DHFL-N4,,NSE
,,DHFL-N5,,NSE
,,DHFL-N6,,NSE
,,DHFL-N9,,NSE
,,DHFL-NA,,NSE
,,DHFL-NB,,NSE
,,DHFL-NC,,NSE
,,DHFL-NF,,NSE
,,DHFL-NG,,NSE
,,DHFL-NH,,NSE
,,DHFL-NM,,NSE
,,DHFL-NN,,NSE
,,DHFL-NO,,NSE
,,DHFL-NP,,NSE
,,DHFL-NQ,,NSE
,,DHFL-NR,,NSE
,,DHFL-NS,,NSE
,,DHFL-NT,,NSE
,,DHFL-NU,,NSE
,,DHFL-NV,,NSE
,,DHFL-NW,,NSE
,,DHFL-NX,,NSE
,,DHFL-NY,,NSE
,,DHFL-NZ,,NSE
,,DHFL-Y1,,NSE
,,DHFL-Y2,,NSE
DHUNSERIINVESTMENTS,DHUNSERI INVESTMENTS,DHUNINV,,NSE
PRATAAPSNACKS,PRATAAP SNACKS,DIAMONDYD,,NSE
,,DIAPOWER-BZ,,NSE
DICINDIA,DIC INDIA,DICIND,,NSE
DIGISPICETECHNOLOGIESLT,DIGISPICE TECHNOLOGIES LT,DIGISPICE,,NSE
,,DIGJAMLTD-BZ,,NSE
DISHTVINDIA.,DISH TV INDIA.,DISHTV,,NSE
DIVI'SLABORATORIES,DIVI'S LABORATORIES,DIVISLAB,,NSE
DIXONTECHNO(INDIA),DIXON TECHNO (INDIA),DIXON,,NSE
DLF,DLF,DLF,,NSE
D-LINKINDIA,D-LINK INDIA,DLINKINDIA,,NSE
AVENUESUPERMARTS,AVENUE SUPERMARTS,DMART,,NSE
DILIGENTMEDIACORP.,DILIGENT MEDIA CORP.,DNAMEDIA-BE,,NSE
DOLATINVESTMENTS,DOLAT INVESTMENTS,DOLAT,,NSE
DOLLARINDUSTRIES,DOLLAR INDUSTRIES,DOLLAR,,NSE
DONEARIND.,DONEAR IND.,DONEAR,,NSE
,,DPABHUSHAN-SM,,NSE
DPSC,DPSC,DPSCLTD,,NSE
DPWIRES,D P WIRES,DPWIRES,,NSE
DQENTERTAINMENTINT,DQ ENTERTAINMENT INT,DQE,,NSE
DREDGINGCORPOFINDIA,DREDGING CORP OF INDIA,DREDGECORP,,NSE
,,DRL-SM,,NSE
DR.REDDY'SLABORATORIES,DR. REDDY'S LABORATORIES,DRREDDY,,NSE
,,DRSDILIP-SM,,NSE
,,DSML-SM,,NSE
DYNACONSSYS&SOLN,DYNACONS SYS & SOLN,DSSL,,NSE
DHUNSERITEA&IND..,DHUNSERI TEA & IND..,DTIL,,NSE
DUCONINFRATECHNOLOGIESL,DUCON INFRATECHNOLOGIES L,DUCON-BE,,NSE
DHUNSERIVENTURES,DHUNSERI VENTURES,DVL,,NSE
DWARIKESHSUGARIND,DWARIKESH SUGAR IND,DWARKESH,,NSE
DYNAMATICTECHNOLOGIES,DYNAMATIC TECHNOLOGIES,DYNAMATECH,,NSE
DYNEMICPRODUCTS,DYNEMIC PRODUCTS,DYNPRO,,NSE
,,E2E-SM,,NSE
EASTERNSILKINDUSTRIESL,EASTERN SILK INDUSTRIES L,EASTSILK-BE,,NSE
,,EASUNREYRL-BZ,,NSE
EDELWEISSETF-NIFTYBANK,EDELWEISS ETF-NIFTY BANK,EBANK,,NSE
EDELAMC-EBBETF0423,EDELAMC - EBBETF0423,EBBETF0423,,NSE
EDELAMC-EBBETF0430,EDELAMC - EBBETF0430,EBBETF0430,,NSE
ECLERXSERVICES,ECLERX SERVICES,ECLERX,,NSE
,,ECLFINANCE-N5,,NSE
,,ECLFINANCE-N6,,NSE
,,ECLFINANCE-N7,,NSE
,,ECLFINANCE-NE,,NSE
,,ECLFINANCE-NF,,NSE
,,ECLFINANCE-NG,,NSE
,,ECLFINANCE-NH,,NSE
,,ECLFINANCE-NI,,NSE
,,ECLFINANCE-NJ,,NSE
,,ECLFINANCE-NK,,NSE
,,ECLFINANCE-NL,,NSE
,,ECLFINANCE-NM,,NSE
,,ECLFINANCE-NN,,NSE
,,ECLFINANCE-NO,,NSE
,,ECLFINANCE-NP,,NSE
,,ECLFINANCE-NQ,,NSE
,,ECLFINANCE-NR,,NSE
,,ECLFINANCE-NS,,NSE
EDELWEISSFINSERV,EDELWEISS FIN SERV,EDELWEISS,,NSE
,,EDL-BZ,,NSE
,,EDUCOMP-BZ,,NSE
,,EHFLNCD-N3,,NSE
,,EHFLNCD-N4,,NSE
,,EHFLNCD-N5,,NSE
,,EHFLNCD-N6,,NSE
,,EHFLNCD-N7,,NSE
EICHERMOTORS,EICHER MOTORS,EICHERMOT,,NSE
EIDPARRYINDIA,EID PARRY INDIA,EIDPARRY,,NSE
,,EIFFL-SM,,NSE
EIHASSOCIATEDHOTELS,EIH ASSOCIATED HOTELS,EIHAHOTELS,,NSE
EIH,EIH,EIHOTEL,,NSE
EIMCOELECON(INDIA),EIMCO ELECON (INDIA),EIMCOELECO,,NSE
EVERESTKANTOCYLINDERLTD,EVEREST KANTO CYLINDERLTD,EKC,,NSE
ELECONENG.CO.,ELECON ENG. CO.,ELECON,,NSE
ELECTROSTEELCASTINGS,ELECTROSTEEL CASTINGS,ELECTCAST,,NSE
,,ELECTCAST-W1,,NSE
ELECTROTHERM(I).,ELECTROTHERM (I).,ELECTHERM,,NSE
ELGIEQUIPMENTS,ELGI EQUIPMENTS,ELGIEQUIP,,NSE
ELGIRUBBERCO.,ELGI RUBBER CO.,ELGIRUBCO,,NSE
EMAMI,EMAMI,EMAMILTD,,NSE
EMAMIPAPERMILLS,EMAMI PAPER MILLS,EMAMIPAP,,NSE
EMAMIREALTY,EMAMI REALTY,EMAMIREAL-BE,,NSE
,,EMBASSY-RR,,NSE
,,EMCO-BZ,,NSE
EMKAYGLOBALFINSERV,EMKAY GLOBAL FIN SERV,EMKAY,,NSE
,,EMKAYTOOLS-SM,,NSE
EMMBIINDUSTRIES,EMMBI INDUSTRIES,EMMBI,,NSE
ENDURANCETECHNO..,ENDURANCE TECHNO..,ENDURANCE,,NSE
ENERGYDEVE.CO.LTD,ENERGY DEVE. CO.LTD,ENERGYDEV,,NSE
ENGINEERSINDIA,ENGINEERS INDIA,ENGINERSIN,,NSE
ENTERTAINNET.IND..,ENTERTAIN NET. IND..,ENIL,,NSE
EONELECTRIC,EON ELECTRIC,EON,,NSE
EDELETFNIFTY100QUAL30,EDEL ETF NIFTY 100 QUAL30,EQ30,,NSE
EQUITASHOLDINGS,EQUITAS HOLDINGS,EQUITAS,,NSE
,,ERFLNCDI-N1,,NSE
,,ERFLNCDI-N2,,NSE
,,ERFLNCDI-N3,,NSE
,,ERFLNCDI-N4,,NSE
,,ERFLNCDI-N5,,NSE
,,ERFLNCDI-N6,,NSE
ERISLIFESCIENCES,ERIS LIFESCIENCES,ERIS,,NSE
EROSINTLMEDIA,EROS INTL MEDIA,EROSMEDIA,,NSE
ESABINDIA,ESAB INDIA,ESABINDIA,,NSE
ESCORTSINDIA,ESCORTS INDIA,ESCORTS,,NSE
ESSARSHIPPING,ESSAR SHIPPING,ESSARSHPNG,,NSE
ESSELPROPACK,ESSEL PROPACK,ESSELPACK,,NSE
ESTERINDUSTRIES,ESTER INDUSTRIES,ESTER,,NSE
,,EUROCERA-BZ,,NSE
EUROMULTIVISION,EURO MULTIVISION,EUROMULTI-BE,,NSE
EUROTEXINDUSTRIES,EUROTEX INDUSTRIES,EUROTEXIND,,NSE
EVEREADYINDS.IND..,EVEREADY INDS. IND. .,EVEREADY,,NSE
EVERESTINDUSTRIES,EVEREST INDUSTRIES,EVERESTIND,,NSE
EXCELREALTYNINFRA,EXCEL REALTY N INFRA,EXCEL-BE,,NSE
EXCELINDUSTRIES,EXCEL INDUSTRIES,EXCELINDUS,,NSE
EXIDEINDUSTRIES,EXIDE INDUSTRIES,EXIDEIND,,NSE
EXPLEOSOLUTIONS,EXPLEO SOLUTIONS,EXPLEOSOL,,NSE
FACT,FACT,FACT,,NSE
FAIRCHEMSPECIALITY,FAIRCHEM SPECIALITY,FAIRCHEM,,NSE
FINEOTEXCHEMICAL,FINEOTEX CHEMICAL,FCL,,NSE
FUTURECONSUMER,FUTURE CONSUMER,FCONSUMER,,NSE
FCSSOFTWARESOLN..,FCS SOFTWARE SOLN..,FCSSOFT,,NSE
FDC,FDC,FDC,,NSE
FEDERALBANK,FEDERAL BANK,FEDERALBNK,,NSE
FUTUREENTERPRISES,FUTURE ENTERPRISES,FEL,,NSE
FUTUREENTERPRISES,FUTURE ENTERPRISES,FELDVR,,NSE
,,FELIX-SM,,NSE
FIEMINDUSTRIES,FIEM INDUSTRIES,FIEMIND,,NSE
FILATEXINDIA,FILATEX INDIA,FILATEX,,NSE
FINOLEXCABLES,FINOLEX CABLES,FINCABLES,,NSE
FINEORGANICIND..,FINE ORGANIC IND..,FINEORG,,NSE
FINOLEXINDUSTRIES,FINOLEX INDUSTRIES,FINPIPE,,NSE
FLEXITUFFVENTURESINTL,FLEXITUFF VENTURES INT L,FLEXITUFF-BE,,NSE
FUTLIFESTYLEFASH,FUT LIFESTYLE FASH,FLFL,,NSE
GUJARATFLUOROCHEM,GUJARAT FLUOROCHEM,FLUOROCHEM,,NSE
FEDERAL-MOGULGOETZE(IND,FEDERAL-MOGUL GOETZE (IND,FMGOETZE,,NSE
FUTUREMKTNETWORKS,FUTURE MKT NETWORKS,FMNL,,NSE
,,FOCUS-SM,,NSE
FORCEMOTORS,FORCE MOTORS,FORCEMOT,,NSE
FORTISHEALTHCARE,FORTIS HEALTHCARE,FORTIS,,NSE
FOSECOINDIA,FOSECO INDIA,FOSECOIND,,NSE
,,FOURTHDIM-SM,,NSE
FUTURERETAIL,FUTURE RETAIL,FRETAIL,,NSE
FUTURESUPPCHAINSOL,FUTURE SUPP CHAIN SOL,FSC,,NSE
FIRSTSOURCESOLU..,FIRSTSOURCE SOLU..,FSL,,NSE
GABRIELINDIA,GABRIEL INDIA,GABRIEL,,NSE
GUJARATAMBUJAEXPORTSLT,GUJARAT AMBUJA EXPORTS LT,GAEL,,NSE
GAIL(INDIA),GAIL (INDIA),GAIL,,NSE
GYSCOALALLOYS,GYSCOAL ALLOYS,GAL,,NSE
GALAXYSURFACTANTS,GALAXY SURFACTANTS,GALAXYSURF,,NSE
GALLANTTMETAL,GALLANTT METAL,GALLANTT,,NSE
GALLANTTISPAT,GALLANTT ISPAT,GALLISPAT,,NSE
GAMMONINFRAPROJ.,GAMMON INFRA PROJ.,GAMMNINFRA-BE,,NSE
GANDHISPL.TUBES,GANDHI SPL. TUBES,GANDHITUBE,,NSE
GANESHAECOSPHERE,GANESHA ECOSPHERE,GANECOS,,NSE
GANESHHOUSINGCORP,GANESH HOUSING CORP,GANESHHOUC-BE,,NSE
,,GANGAFORGE-SM,,NSE
GANGESSECURITIES,GANGES SECURITIES,GANGESSECU,,NSE
,,GANGOTRI-BZ,,NSE
GARDENSILKMILLS.,GARDEN SILK MILLS.,GARDENSILK-BE,,NSE
GARWARETECHFIBRES,GARWARE TECH FIBRES,GARFIBRES,,NSE
GATI,GATI,GATI,,NSE
GAYATRIHIGHWAYS,GAYATRI HIGHWAYS,GAYAHWS-BE,,NSE
GAYATRIPROJECTS,GAYATRI PROJECTS,GAYAPROJ,,NSE
GBGLOBAL,GB GLOBAL,GBGLOBAL-BE,,NSE
GATEWAYDISTRIPARKS.,GATEWAY DISTRIPARKS.,GDL,,NSE
GEECEEVENTURES,GEECEE VENTURES,GEECEE,,NSE
,,GEEKAYWIRE-SM,,NSE
GENESYSINTLCORPN,GENESYS INTL CORPN,GENESYS,,NSE
GENUSP&B,GENUS P&B,GENUSPAPER,,NSE
GENUSPOWERINFRASTRU,GENUS POWER INFRASTRU,GENUSPOWER,,NSE
GEOJITFINANCIALSERL,GEOJIT FINANCIAL SER L,GEOJITFSL,,NSE
GEPOWERINDIA,GE POWER INDIA,GEPIL,,NSE
THEGESHPG.LTD,THE GE SHPG.LTD,GESHIP,,NSE
GET&DINDIA,GE T&D INDIA,GET&D,,NSE
GFL,GFL,GFLLIMITED,,NSE
GHCL,GHCL,GHCL,,NSE
GICHOUSINGFINANCE,GIC HOUSING FINANCE,GICHSGFIN,,NSE
,,GICL-SM,,NSE
GENERALINSCORPOFINDIA,GENERAL INS CORP OF INDIA,GICRE,,NSE
GILLANDERSARBUTHNOT,GILLANDERS ARBUTHNOT,GILLANDERS,,NSE
GILLETTEINDIA,GILLETTE INDIA,GILLETTE,,NSE
GINNIFILAMENTS,GINNI FILAMENTS,GINNIFILA,,NSE
GUJINDPOWCO.,GUJ IND POW CO.,GIPCL,,NSE
,,GIRIRAJ-SZ,,NSE
,,GIRRESORTS-IT,,NSE
GIENGINEERINGSOLNS,GI ENGINEERING SOLNS,GISOLUTION,,NSE
GKW,GKW,GKWLIMITED,,NSE
GLAXOSMITHKLINEPHARMALT,GLAXOSMITHKLINE PHARMA LT,GLAXO,,NSE
GLENMARKPHARMACEUTICALS,GLENMARK PHARMACEUTICALS,GLENMARK,,NSE
GUJARATLEASEFINANCINGL,GUJARAT LEASE FINANCING L,GLFL,,NSE
,,GLOBAL-SM,,NSE
GLOBALVECHELICORP,GLOBAL VEC HELICORP,GLOBALVECT,,NSE
,,GLOBE-SM,,NSE
GLOBALOFFSHORESERV,GLOBAL OFFSHORE SERV,GLOBOFFS,,NSE
GLOBUSSPIRITS,GLOBUS SPIRITS,GLOBUSSPR,,NSE
GMBREWERIES,G M BREWERIES,GMBREW,,NSE
GUJARATMINERALDEVCORP,GUJARAT MINERAL DEV CORP,GMDCLTD,,NSE
GMMPFAUDLER,GMM PFAUDLER,GMMPFAUDLR,,NSE
GMRINFRASTRUCTURE.,GMR INFRASTRUCTURE.,GMRINFRA,,NSE
GNAAXLES,GNA AXLES,GNA,,NSE
GUJNARVALFER&CHEML,GUJ NAR VAL FER & CHEM L,GNFC,,NSE
GOACARBON,GOA CARBON,GOACARBON-BE,,NSE
GOCLCORPORATION,GOCL CORPORATION,GOCLCORP,,NSE
GODFREYPHILLIPSINDIALT,GODFREY PHILLIPS INDIA LT,GODFRYPHLP,,NSE
,,GODHA-SM,,NSE
GODREJAGROVET,GODREJ AGROVET,GODREJAGRO,,NSE
GODREJCONSUMERPRODUCTS,GODREJ CONSUMER PRODUCTS,GODREJCP,,NSE
GODREJINDUSTRIES,GODREJ INDUSTRIES,GODREJIND,,NSE
GODREJPROPERTIES,GODREJ PROPERTIES,GODREJPROP,,NSE
,,GOENKA-BZ,,NSE
GOKALDASEXPORTS.,GOKALDAS EXPORTS.,GOKEX,,NSE
GOKULREFOILS&SOLV,GOKUL REFOILS & SOLV,GOKUL,,NSE
GOKULAGRORESOURCES,GOKUL AGRO RESOURCES,GOKULAGRO,,NSE
NIPPINDETFGOLDBEES,NIPP IND ETF GOLD BEES,GOLDBEES,,NSE
GOLDENTOBACCO,GOLDEN TOBACCO,GOLDENTOBC,,NSE
GOLDIAMINTERNATIONAL,GOLDIAM INTERNATIONAL,GOLDIAM,,NSE
UTIGOLDETF,UTI GOLD ETF,GOLDSHARE,,NSE
,,GOLDSTAR-SM,,NSE
GOLDSTONETECHNOLOGIESLT,GOLDSTONE TECHNOLOGIES LT,GOLDTECH,,NSE
GOODLUCKINDIA,GOODLUCK INDIA,GOODLUCK,,NSE
GODAWARIPOW&ISP,GODAWARI POW & ISP,GPIL,,NSE
GUJARATPIPAVAVPORT,GUJARAT PIPAVAV PORT,GPPL,,NSE
GPTINFRAPROJECTS,GPT INFRAPROJECTS,GPTINFRA,,NSE
GRANULESINDIA,GRANULES INDIA,GRANULES,,NSE
GRAPHITEINDIA,GRAPHITE INDIA,GRAPHITE,,NSE
GRASIMINDUSTRIES,GRASIM INDUSTRIES,GRASIM,,NSE
GRAVITAINDIA,GRAVITA INDIA,GRAVITA,,NSE
GREAVESCOTTON.,GREAVES COTTON.,GREAVESCOT,,NSE
GREENLAMINDUSTRIES.,GREENLAM INDUSTRIES.,GREENLAM,,NSE
GREENPANELINDUSTRIES,GREENPANEL INDUSTRIES,GREENPANEL,,NSE
GREENPLYINDUSTRIES,GREENPLY INDUSTRIES,GREENPLY,,NSE
ORIENTGREENPOWERCO,ORIENT GREEN POWER CO,GREENPOWER-BE,,NSE
,,GRETEX-SM,,NSE
GRINDWELLNORTON,GRINDWELL NORTON,GRINDWELL,,NSE
THEGROBTEACOMPANY,THE GROB TEA COMPANY,GROBTEA-BE,,NSE
GRP,GRP,GRPLTD,,NSE
GARDENREACHSHIP&ENG,GARDEN REACH SHIP&ENG,GRSE,,NSE
GUJARATSIDHEECEM..,GUJARAT SIDHEE CEM..,GSCLCEMENT,,NSE
GUJSTATEFERT&CHEM,GUJ STATE FERT & CHEM,GSFC,,NSE
GLAXOSMITHKLINECONSUMER,GLAXOSMITHKLINE CONSUMER,GSKCONS,,NSE
GUJARATSTATEPETRO,GUJARAT STATE PETRO,GSPL,,NSE
GSSINFOTECH,GSS INFOTECH,GSS,,NSE
GTL,GTL,GTL,,NSE
GTLINFRA.LTD,GTL INFRA.LTD,GTLINFRA,,NSE
GTNINDUSTRIES,GTN INDUSTRIES,GTNIND-BE,,NSE
GTNTEXTILES,GTN TEXTILES,GTNTEX,,NSE
GTPLHATHWAY,GTPL HATHWAY,GTPL,,NSE
GUFICBIOSCIENCES.,GUFIC BIOSCIENCES.,GUFICBIO,,NSE
GUJARATALKALIES&CHEM,GUJARAT ALKALIES & CHEM,GUJALKALI,,NSE
GUJ.APOLLOIND..,GUJ. APOLLO IND..,GUJAPOLLO,,NSE
GUJARATGAS,GUJARAT GAS,GUJGASLTD,,NSE
,,GUJNRECOKE-W1,,NSE
GUJARATRAFFIAINDUST,GUJARAT RAFFIA INDUST,GUJRAFFIA-BE,,NSE
GULFOILLUB.IND..,GULF OIL LUB. IND..,GULFOILLUB,,NSE
GPPETROLEUMS,GP PETROLEUMS,GULFPETRO,,NSE
GULSHANPOLYOLS,GULSHAN POLYOLS,GULPOLY,,NSE
GVKPOW.&INFRA.,GVK POW. & INFRA.,GVKPIL,,NSE
HINDUSTANAERONAUTICS,HINDUSTAN AERONAUTICS,HAL,,NSE
HARITASEATINGSYS.,HARITA SEATING SYS.,HARITASEAT,,NSE
HARRISONMALAYALAM,HARRISON MALAYALAM,HARRMALAYA,,NSE
HATHWAYCABLE&DATACOM,HATHWAY CABLE & DATACOM,HATHWAY,,NSE
HATSUNAGROPRODUCT.,HATSUN AGRO PRODUCT.,HATSUN,,NSE
HAVELLSINDIA,HAVELLS INDIA,HAVELLS,,NSE
SRIHAVISHAHOSP&INFRL,SRI HAVISHA HOSP & INFR L,HAVISHA-BE,,NSE
HBLPOWERSYSTEMS.,HBL POWER SYSTEMS.,HBLPOWER,,NSE
HBSTOCKHOLDINGS,HB STOCKHOLDINGS,HBSL,,NSE
HINDUSTANCONSTRUCTIONCO,HINDUSTAN CONSTRUCTION CO,HCC,,NSE
HEALTHCAREGLOB.ENT.,HEALTHCARE GLOB. ENT.,HCG,,NSE
HCLINFOSYSTEMS,HCL INFOSYSTEMS,HCL-INSYS,,NSE
HCLTECHNOLOGIES,HCL TECHNOLOGIES,HCLTECH,,NSE
HDFC,HDFC,HDFC,,NSE
HDFCAMC,HDFC AMC,HDFCAMC,,NSE
HDFCBANK,HDFC BANK,HDFCBANK,,NSE
HDFCLIFEINSCO,HDFC LIFE INS CO,HDFCLIFE,,NSE
HDFCGOLDETF,HDFC GOLD ETF,HDFCMFGETF,,NSE
HDFCAMC-HDFCNIFETF,HDFCAMC - HDFCNIFETF,HDFCNIFETF,,NSE
HDFCAMC-HDFCSENETF,HDFCAMC - HDFCSENETF,HDFCSENETF,,NSE
HOUSINGDEV&INFRA,HOUSING DEV & INFRA,HDIL-BE,,NSE
,,HECPROJECT-SM,,NSE
HEG,HEG,HEG,,NSE
HEIDELBERGCEMENT(I),HEIDELBERGCEMENT (I),HEIDELBERG,,NSE
HERCULESHOI..,HERCULES HOI..,HERCULES,,NSE
HERITAGEFOODS,HERITAGE FOODS,HERITGFOOD,,NSE
HEROMOTOCORP,HERO MOTOCORP,HEROMOTOCO,,NSE
HESTERBIOSCIENCES,HESTER BIOSCIENCES,HESTERBIO,,NSE
HEXATRADEX,HEXA TRADEX,HEXATRADEX-BE,,NSE
HEXAWARETECHNOLOGIES,HEXAWARE TECHNOLOGIES,HEXAWARE,,NSE
HFCL,HFCL,HFCL,,NSE
H.G.INFRAENGINEERING,H.G.INFRA ENGINEERING,HGINFRA,,NSE
HINDUJAGLOBALSOLS..,HINDUJA GLOBAL SOLS..,HGS,,NSE
HIKAL,HIKAL,HIKAL,,NSE
HIL,HIL,HIL,,NSE
HILTONMETALFORGING,HILTON METAL FORGING,HILTON-BE,,NSE
HIMATSINGKASEIDE,HIMATSINGKA SEIDE,HIMATSEIDE,,NSE
HINDALCOINDUSTRIES,HINDALCO  INDUSTRIES ,HINDALCO,,NSE
HINDUSTANCOMPOSITES.,HINDUSTAN COMPOSITES.,HINDCOMPOS,,NSE
,,HINDCON-SM,,NSE
HINDUSTANCOPPER,HINDUSTAN COPPER,HINDCOPPER,,NSE
HINDUSTANMOTORS,HINDUSTAN MOTORS,HINDMOTORS,,NSE
HINDNATLGLASS&IND,HIND NATL GLASS & IND,HINDNATGLS-BE,,NSE
HINDUSTANOILEXPLORATION,HINDUSTAN OIL EXPLORATION,HINDOILEXP,,NSE
HINDUSTANPETROLEUMCORP,HINDUSTAN PETROLEUM CORP,HINDPETRO,,NSE
HINDSYNTEX.,HIND SYNTEX.,HINDSYNTEX-BE,,NSE
HINDUSTANUNILEVER.,HINDUSTAN UNILEVER.,HINDUNILVR,,NSE
HINDUSTANZINC,HINDUSTAN ZINC,HINDZINC,,NSE
HINDRECTIFIER,HIND RECTIFIER,HIRECT,,NSE
HISARMETALIND.,HISAR METAL IND.,HISARMETAL,,NSE
HI-TECHPIPES,HI-TECH PIPES,HITECH,,NSE
HITECHCORPORATION,HITECH CORPORATION,HITECHCORP,,NSE
THEHI-TECHGEARS,THE HI-TECH GEARS,HITECHGEAR,,NSE
HLV,HLV,HLVLTD,,NSE
,,HMT-BZ,,NSE
HINDUSTANMEDIAVENT,HINDUSTAN MEDIA VENT,HMVL,,NSE
HINDUSTANFOODS,HINDUSTAN FOODS,HNDFDS,,NSE
NIPINETFHANGSENGBEES,NIP IN ETF HANG SENG BEES,HNGSNGBEES,,NSE
HONEYWELLAUTOMATIONIND,HONEYWELL AUTOMATION IND,HONAUT,,NSE
HONDASIELPOWERPROD,HONDA SIEL POWER PROD,HONDAPOWER,,NSE
HOTELRUGBY,HOTEL RUGBY,HOTELRUGBY,,NSE
HOVSERVICES,HOV SERVICES,HOVS,,NSE
,,HPIL-SM,,NSE
HPLELECTRIC&POWER,HPL ELECTRIC & POWER,HPL,,NSE
HIMADRISPECIALITYCHEML,HIMADRI SPECIALITY CHEM L,HSCL,,NSE
HSIL,HSIL,HSIL,,NSE
HTMEDIA,HT MEDIA,HTMEDIA,,NSE
HUBTOWN,HUBTOWN,HUBTOWN-BE,,NSE
HSG&URBANDEVCORPN,HSG & URBAN DEV CORPN,HUDCO,,NSE
,,HUDCO-N2,,NSE
,,HUDCO-N3,,NSE
,,HUDCO-N4,,NSE
,,HUDCO-N5,,NSE
,,HUDCO-N6,,NSE
,,HUDCO-N7,,NSE
,,HUDCO-N8,,NSE
,,HUDCO-N9,,NSE
,,HUDCO-NA,,NSE
,,HUDCO-NB,,NSE
,,HUDCO-NC,,NSE
,,HUDCO-ND,,NSE
,,HUDCO-NE,,NSE
,,HUSYSLTD-SM,,NSE
IBULLSAMC-IBMFNIFTY,IBULLSAMC - IBMFNIFTY,IBMFNIFTY,,NSE
INDIABULLSREALEST.,INDIABULLS REAL EST.,IBREALEST,,NSE
,,IBUCCREDIT-N1,,NSE
,,IBUCCREDIT-N2,,NSE
,,IBUCCREDIT-N3,,NSE
,,IBUCCREDIT-N4,,NSE
,,IBUCCREDIT-N5,,NSE
,,IBUCCREDIT-N6,,NSE
,,IBUCCREDIT-N7,,NSE
,,IBUCCREDIT-N8,,NSE
,,IBUCCREDIT-N9,,NSE
,,IBUCCREDIT-NA,,NSE
,,IBUCCREDIT-NB,,NSE
,,IBUCCREDIT-NC,,NSE
,,IBUCCREDIT-ND,,NSE
INDIABULLSHSGFIN,INDIABULLS HSG FIN,IBULHSGFIN,,NSE
,,IBULHSGFIN-N5,,NSE
,,IBULHSGFIN-N6,,NSE
,,IBULHSGFIN-N7,,NSE
,,IBULHSGFIN-N8,,NSE
,,IBULHSGFIN-N9,,NSE
,,IBULHSGFIN-NA,,NSE
,,IBULHSGFIN-NB,,NSE
,,IBULHSGFIN-NC,,NSE
,,IBULHSGFIN-ND,,NSE
,,IBULHSGFIN-NE,,NSE
,,IBULHSGFIN-NF,,NSE
,,IBULHSGFIN-W1,,NSE
INDIABULLSINTEGRSER,INDIABULLS INTEGR SER,IBULISL,,NSE
INDIABULLSVENTURES,INDIABULLS VENTURES,IBVENTURES,,NSE
,,IBVENTURES-E3,,NSE
,,ICEMAKE-SM,,NSE
,,ICFL-N1,,NSE
,,ICFL-N2,,NSE
,,ICFL-N3,,NSE
,,ICFL-N4,,NSE
,,ICFL-N5,,NSE
,,ICFL-N6,,NSE
,,ICFL-N7,,NSE
,,ICFL-N8,,NSE
,,ICFL-N9,,NSE
,,ICFL-NA,,NSE
,,ICFL-NB,,NSE
,,ICFL-NC,,NSE
,,ICFL-ND,,NSE
,,ICFL-NE,,NSE
,,ICFL-NF,,NSE
,,ICFL-NG,,NSE
,,ICFL-NH,,NSE
,,ICFL-NI,,NSE
,,ICFL-NJ,,NSE
,,ICFL-NK,,NSE
,,ICFL-NL,,NSE
,,ICFL-NM,,NSE
,,ICFL-NN,,NSE
,,ICFL-NO,,NSE
,,ICFL-NP,,NSE
,,ICFL-NQ,,NSE
,,ICICI-M1,,NSE
,,ICICI-UZ,,NSE
,,ICICI0101-N9,,NSE
,,ICICI0101-NC,,NSE
,,ICICI0102-NB,,NSE
,,ICICI0199-NB,,NSE
,,ICICI0202-NC,,NSE
,,ICICI0301-N9,,NSE
,,ICICI0302-NC,,NSE
,,ICICI0401-N9,,NSE
,,ICICI0402-NC,,NSE
,,ICICI0699-NA,,NSE
,,ICICI0701-N8,,NSE
,,ICICI0801-NA,,NSE
,,ICICI0901-NB,,NSE
,,ICICI1000-NB,,NSE
,,ICICI1098-NB,,NSE
,,ICICI1100-NA,,NSE
,,ICICI1101-NC,,NSE
,,ICICI1200-NA,,NSE
,,ICICI1201-NB,,NSE
,,ICICI1298-NB,,NSE
,,ICICI1299-NC,,NSE
ICICIPRAMC-ICICI500,ICICIPRAMC - ICICI500,ICICI500,,NSE
ICICIPRAMC-BHARATIWIN,ICICIPRAMC - BHARATIWIN,ICICIB22,,NSE
ICICIBANK.,ICICI BANK.,ICICIBANK,,NSE
ICICIPRAMC-IPRU5008,ICICIPRAMC - IPRU5008,ICICIBANKN,,NSE
ICICIPRAMC-ICICIBANKP,ICICIPRAMC - ICICIBANKP,ICICIBANKP,,NSE
ICICILOMBARDGIC,ICICI LOMBARD GIC,ICICIGI,,NSE
ICICIPRUDENTIALGOLDETF,ICICI PRUDENTIAL GOLD ETF,ICICIGOLD,,NSE
ICICIPRAMC-ICICILIQ,ICICIPRAMC - ICICILIQ,ICICILIQ,,NSE
ICICIPRNIFLWVL30ETF,ICICI PR NIF LW VL 30 ETF,ICICILOVOL,,NSE
ICICIPRAMC-ICICIM150,ICICIPRAMC - ICICIM150,ICICIM150,,NSE
ICICIPRUDMIDCAPSELETF,ICICI PRUD MIDCAP SEL ETF,ICICIMCAP,,NSE
ICICIPRUDNIFTY100ETF,ICICI PRUD NIFTY 100 ETF,ICICINF100,,NSE
ICICIPRUDNIFTYETF,ICICI PRUD NIFTY ETF,ICICINIFTY,,NSE
ICICIPRUDENTIALNV20ETF,ICICI PRUDENTIAL NV20 ETF,ICICINV20,,NSE
ICICIPRAMC-ICICINXT50,ICICIPRAMC - ICICINXT50,ICICINXT50,,NSE
ICICIPRULIFEINSCO,ICICI PRU LIFE INS CO,ICICIPRULI,,NSE
ICICIPRUDSENSEXETF,ICICI PRUD SENSEX ETF,ICICISENSX,,NSE
INDOCOUNTINDUSTRIES,INDO COUNT INDUSTRIES,ICIL,,NSE
ICRA,ICRA,ICRA,,NSE
IDBIBANK,IDBI BANK,IDBI,,NSE
IDBIMF-IDBIGOLDETF,IDBI MF - IDBI GOLD ETF,IDBIGOLD,,NSE
VODAFONEIDEA,VODAFONE IDEA,IDEA,,NSE
IDFC,IDFC,IDFC,,NSE
IDFCFIRSTBANK,IDFC FIRST BANK,IDFCFIRSTB,,NSE
,,IDFCFIRSTB-N1,,NSE
,,IDFCFIRSTB-N2,,NSE
,,IDFCFIRSTB-N3,,NSE
,,IDFCFIRSTB-N4,,NSE
,,IDFCFIRSTB-N5,,NSE
,,IDFCFIRSTB-N6,,NSE
,,IDFCFIRSTB-N7,,NSE
,,IDFCFIRSTB-N8,,NSE
,,IDFCFIRSTB-N9,,NSE
,,IDFCFIRSTB-NA,,NSE
,,IDFCFIRSTB-NB,,NSE
,,IDFCFIRSTB-NC,,NSE
,,IDFCFIRSTB-ND,,NSE
,,IDFCFIRSTB-NE,,NSE
IDFCAMC-IDFNIFTYET,IDFCAMC - IDFNIFTYET,IDFNIFTYET,,NSE
INDIANENERGYEXC,INDIAN ENERGY EXC,IEX,,NSE
IFBAGROINDUSTRIES,IFB AGRO INDUSTRIES,IFBAGRO,,NSE
IFBINDUSTRIES,IFB INDUSTRIES,IFBIND,,NSE
IFCI,IFCI,IFCI,,NSE
,,IFCI-NF,,NSE
,,IFCI-NG,,NSE
,,IFCI-NH,,NSE
,,IFCI-NI,,NSE
,,IFCI-NL,,NSE
,,IFCI-NM,,NSE
IFGLREFRACTORIES,IFGL REFRACTORIES,IFGLEXPOR,,NSE
IGARASHIMOTORSINDIA,IGARASHI MOTORS INDIA,IGARASHI,,NSE
INDRAPRASTHAGAS,INDRAPRASTHA GAS,IGL,,NSE
IGPETROCHEMICALS,I G PETROCHEMICALS,IGPL,,NSE
,,IIFCL-N1,,NSE
,,IIFCL-N2,,NSE
,,IIFCL-N3,,NSE
,,IIFCL-N4,,NSE
IIFLFINANCE,IIFL FINANCE,IIFL,,NSE
,,IIFLFIN-NC,,NSE
,,IIFLFIN-ND,,NSE
,,IIFLFIN-NE,,NSE
,,IIFLFIN-NF,,NSE
,,IIFLFIN-NG,,NSE
,,IIFLFIN-NH,,NSE
,,IIFLFIN-NI,,NSE
,,IIFLFIN-NJ,,NSE
,,IIFLFIN-NK,,NSE
,,IIFLFIN-NL,,NSE
,,IIFLFIN-NM,,NSE
,,IIFLFIN-NN,,NSE
,,IIFLFIN-NO,,NSE
IIFLSECURITIES,IIFL SECURITIES,IIFLSEC,,NSE
IIFLWEALTHMGMT,IIFL WEALTH MGMT,IIFLWAM,,NSE
,,IIHFL-N2,,NSE
,,IIHFL-N3,,NSE
INDUSTRIALINVTRUST,INDUSTRIAL INV TRUST,IITL,,NSE
,,IL&FSENGG-BZ,,NSE
,,IL&FSTRANS-BZ,,NSE
INDIANMETALS&FERRO,INDIAN METALS & FERRO,IMFA,,NSE
INDMOTORPART&ACC,IND MOTOR PART & ACC,IMPAL,,NSE
IMPEXFERROTECH,IMPEX FERRO TECH,IMPEXFERRO-BE,,NSE
INDBANKMERCHBANK,INDBANK MERCH BANK,INDBANK,,NSE
THEINDIANHOTELSCO.,THE INDIAN HOTELS CO.,INDHOTEL,,NSE
THEINDIACEMENTS,THE INDIA CEMENTS,INDIACEM,,NSE
INDIAGLYCOLS,INDIA GLYCOLS,INDIAGLYCO,,NSE
INDIAMARTINTERMESH,INDIAMART INTERMESH,INDIAMART,,NSE
INDIANBANK,INDIAN BANK,INDIANB,,NSE
INDIANCARDCLOTHINGCO.,INDIAN CARD CLOTHING CO.,INDIANCARD,,NSE
INDIANHUMEPIPECO..,INDIAN HUME PIPE CO..,INDIANHUME,,NSE
INTERGLOBEAVIATION,INTERGLOBE AVIATION,INDIGO,,NSE
,,INDIGRID-IV,,NSE
,,INDINFR-IV,,NSE
IMPPOWERS,IMP POWERS,INDLMETER-BE,,NSE
INDIANIPPONELECT,INDIA NIPPON ELECT ,INDNIPPON,,NSE
INDOCOREMEDIES.,INDOCO REMEDIES.,INDOCO,,NSE
INDORAMASYNTHETICS,INDO RAMA SYNTHETICS,INDORAMA,,NSE
,,INDOSOLAR-BZ,,NSE
INDOSTARCAPITALFIN,INDOSTAR CAPITAL FIN,INDOSTAR,,NSE
INDOTECHTRANSFORM.,INDO TECH TRANSFORM.,INDOTECH-BE,,NSE
INDOTHAISEC,INDO THAI SEC,INDOTHAI,,NSE
INDOWINDENERGY,INDOWIND ENERGY,INDOWIND-BE,,NSE
INDRAPRASTHAMEDICALCORP,INDRAPRASTHA MEDICAL CORP,INDRAMEDCO,,NSE
INDSWIFTLABORATORIESLT,IND SWIFT LABORATORIES LT,INDSWFTLAB,,NSE
IND-SWIFT,IND-SWIFT,INDSWFTLTD,,NSE
INDTERRAINFASHIONS,IND TERRAIN FASHIONS,INDTERRAIN,,NSE
INDUSINDBANK,INDUSIND BANK,INDUSINDBK,,NSE
INEOSSTYROLUTIONIND,INEOS STYROLUTION IND,INEOSSTYRO,,NSE
INFIBEAMAVENUES,INFIBEAM AVENUES,INFIBEAM,,NSE
INFOBEANSTECHNO..,INFOBEANS TECHNO..,INFOBEAN,,NSE
INFOMEDIAPRESS,INFOMEDIA PRESS,INFOMEDIA-BE,,NSE
NIPPINDIAETFINFRABEES,NIPP INDIA ETF INFRA BEES,INFRABEES,,NSE
BHARTIINFRATEL.,BHARTI INFRATEL.,INFRATEL,,NSE
INFOSYS,INFOSYS,INFY,,NSE
INGERSOLL-RANDINDIA,INGERSOLL-RAND INDIA,INGERRAND,,NSE
,,INNOVANA-SM,,NSE
,,INNOVATIVE-SM,,NSE
INOXLEISURE,INOX LEISURE,INOXLEISUR,,NSE
INOXWIND,INOX WIND,INOXWIND,,NSE
INSECTICIDES(I),INSECTICIDES (I),INSECTICID,,NSE
INSPIRISYSSOLUTIONS,INSPIRISYS SOLUTIONS,INSPIRISYS,,NSE
INTEGRAGARMENT&TEX,INTEGRA GARMENT & TEX,INTEGRA-BE,,NSE
INTELLECTDESIGNARENA,INTELLECT DESIGN ARENA,INTELLECT,,NSE
INTENSETECHNOLOGIES,INTENSE TECHNOLOGIES,INTENTECH,,NSE
INVENTUREGRO&SEC,INVENTURE GRO & SEC,INVENTURE,,NSE
INDIANOVERSEASBANK,INDIAN OVERSEAS BANK,IOB,,NSE
INDIANOILCORP,INDIAN OIL CORP,IOC,,NSE
IOLCHEMANDPHARMA,IOL CHEM AND PHARMA,IOLCP,,NSE
IPCALABORATORIES,IPCA LABORATORIES,IPCALAB,,NSE
IRBINFRADEV.,IRB INFRA DEV.,IRB,,NSE
,,IRBINVIT-IV,,NSE
IRCONINTERNATIONAL,IRCON INTERNATIONAL,IRCON,,NSE
INDIANRAILTOURCORP,INDIAN RAIL TOUR CORP,IRCTC,,NSE
,,IREDA-N1,,NSE
,,IREDA-N2,,NSE
,,IREDA-N3,,NSE
,,IREDA-N4,,NSE
,,IREDA-N5,,NSE
,,IREDA-N6,,NSE
,,IREDA-N7,,NSE
,,IRFC-N1,,NSE
,,IRFC-N2,,NSE
,,IRFC-N3,,NSE
,,IRFC-N4,,NSE
,,IRFC-N5,,NSE
,,IRFC-N6,,NSE
,,IRFC-N7,,NSE
,,IRFC-N8,,NSE
,,IRFC-N9,,NSE
,,IRFC-NA,,NSE
,,IRFC-NB,,NSE
,,IRFC-NC,,NSE
,,IRFC-ND,,NSE
,,IRFC-NE,,NSE
,,IRFC-NF,,NSE
,,IRFC-NG,,NSE
,,IRFC-NH,,NSE
,,IRFC-NI,,NSE
,,IRFC-NJ,,NSE
,,IRFC-NK,,NSE
,,IRFC-NL,,NSE
,,IRFC-NM,,NSE
,,IRFC-NN,,NSE
,,IRFC-NO,,NSE
,,IRISDOREME-SM,,NSE
ICICISECURITIES,ICICI SECURITIES,ISEC,,NSE
INTRASOFTTECH.,INTRASOFT TECH.,ISFT,,NSE
ISMT,ISMT,ISMTLTD,,NSE
ITC,ITC,ITC,,NSE
INDIATOUR.DEV.CO..,INDIA TOUR. DEV. CO..,ITDC,,NSE
ITDCEMENTATIONINDIA,ITD CEMENTATION INDIA,ITDCEM,,NSE
ITI,ITI,ITI,,NSE
IL&FSINVESTMENTMANAGERS,IL&FS INVESTMENT MANAGERS,IVC,,NSE
IVP,IVP,IVP,,NSE
INVESCOINDIAGOLDETF,INVESCO INDIA GOLD ETF,IVZINGOLD,,NSE
INVESCOINDIANIFTYETF,INVESCO INDIA NIFTY ETF,IVZINNIFTY,,NSE
IZMO,IZMO,IZMO,,NSE
J&KBANK.,J & K BANK.,J&KBANK,,NSE
JAGRANPRAKASHAN,JAGRAN PRAKASHAN,JAGRAN,,NSE
JAGSONPALPHARMACEUTICALS,JAGSONPAL PHARMACEUTICALS,JAGSNPHARM,,NSE
JAIBALAJIINDUSTRIES,JAI BALAJI INDUSTRIES,JAIBALAJI,,NSE
JAICORP,JAI CORP,JAICORPLTD,,NSE
,,JAIHINDPRO-BZ,,NSE
JAINSTUDIOS,JAIN STUDIOS,JAINSTUDIO-BE,,NSE
,,JAKHARIA-SM,,NSE
,,JALAN-SM,,NSE
JAMNAAUTOIND,JAMNA AUTO IND,JAMNAAUTO,,NSE
JASHENGINEERING,JASH ENGINEERING,JASH,,NSE
JAYANTAGROORGANICS,JAYANT AGRO ORGANICS,JAYAGROGN,,NSE
JAYBHARATMARUTI,JAY BHARAT MARUTI,JAYBARMARU,,NSE
JAYASWALNECOINDUSTR,JAYASWAL NECO INDUSTR,JAYNECOIND,,NSE
JAYSHREETEA&INDUSTRIES,JAYSHREE TEA & INDUSTRIES,JAYSREETEA,,NSE
JBCHEMICALSANDPHARMA,J B CHEMICALS AND PHARMA,JBCHEPHARM,,NSE
JBFINDUS-DEP-LSML,JBF INDUS -DEP-LS ML,JBFIND-BE,,NSE
JBMAUTO,JBM AUTO,JBMA,,NSE
JOHNSONCONTROLSHITACHI,JOHNSON CONTROLS HITACHI,JCHAC,,NSE
,,JETAIRWAYS-BZ,,NSE
,,JETFREIGHT-SM,,NSE
,,JETKNIT-SM,,NSE
JHSSVEND.LAB.,JHS SVEND. LAB.,JHS,,NSE
JIKINDUSTRIES,JIK INDUSTRIES,JIKIND-BE,,NSE
JINDALPHOTO,JINDAL PHOTO,JINDALPHOT,,NSE
JINDALPOLYFILMS,JINDAL POLY FILMS,JINDALPOLY,,NSE
JINDALSAW,JINDAL SAW,JINDALSAW,,NSE
JINDALSTEEL&POWER,JINDAL STEEL & POWER,JINDALSTEL,,NSE
JINDALCOTEX,JINDAL COTEX,JINDCOT-BE,,NSE
JINDALDRILLINGIND.,JINDAL DRILLING IND.,JINDRILL,,NSE
JINDALWORLDWIDE,JINDAL WORLDWIDE,JINDWORLD,,NSE
JAINDVREQUITYSHARES,JAIN DVR EQUITY SHARES,JISLDVREQS,,NSE
JAINIRRIGATIONSYSTEMS,JAIN IRRIGATION SYSTEMS,JISLJALEQS,,NSE
JITFINFRALOGISTICS,JITF INFRALOGISTICS,JITFINFRA-BE,,NSE
JIYAECO-PRODUCTS,JIYA ECO-PRODUCTS,JIYAECO,,NSE
JKCEMENT,JK CEMENT,JKCEMENT,,NSE
JKUMARINFR.LTD.,JKUMAR INFR.LTD.,JKIL,,NSE
JKLAKSHMICEMENT,JK LAKSHMI CEMENT,JKLAKSHMI,,NSE
JKPAPER,JK PAPER,JKPAPER,,NSE
JKTYRE&INDUSTRIES,JK TYRE & INDUSTRIES,JKTYRE,,NSE
JULLUNDURMOTAGENCY,JULLUNDUR MOT AGENCY,JMA,,NSE
JMCPROJECTS(I).,JMC PROJECTS (I).,JMCPROJECT,,NSE
JMFINANCIAL,JM FINANCIAL,JMFINANCIL,,NSE
JMTAUTO,JMT AUTO,JMTAUTOLTD,,NSE
,,JNPT-N1,,NSE
JOCIL,JOCIL,JOCIL,,NSE
JAIPRAKASHASSOCIATES,JAIPRAKASH ASSOCIATES,JPASSOCIAT,,NSE
JAYPEEINFRATECH,JAYPEE INFRATECH,JPINFRATEC,,NSE
JINDPOLINV&FINCO,JIND POL INV & FIN CO,JPOLYINVST,,NSE
JAIPRAKASHPOWERVEN.,JAIPRAKASH POWER VEN.,JPPOWER,,NSE
JINDALSTAINLESS,JINDAL STAINLESS,JSL,,NSE
JINDALSTAINLESS(H),JINDAL STAINLESS (H),JSLHISAR,,NSE
JSWENERGY,JSW ENERGY,JSWENERGY,,NSE
JSWHOLDINGS,JSW HOLDINGS,JSWHL,,NSE
JSWSTEEL,JSW STEEL,JSWSTEEL,,NSE
,,JSWSTEEL-P2,,NSE
JTEKTINDIA,JTEKT INDIA,JTEKTINDIA,,NSE
JUBILANTLIFESCIENCE,JUBILANT LIFE SCIENCE,JUBILANT,,NSE
JUBILANTFOODWORKS,JUBILANT FOODWORKS,JUBLFOOD,,NSE
JUBILANTINDUSTRIES,JUBILANT INDUSTRIES,JUBLINDS-BE,,NSE
JUMPNETWORKS,JUMP NETWORKS,JUMPNET,,NSE
NIPINDIAETFJUNIORBEES,NIP INDIA ETF JUNIOR BEES,JUNIORBEES,,NSE
JUSTDIAL.,JUSTDIAL.,JUSTDIAL,,NSE
,,JVLAGRO-BZ,,NSE
JYOTHYLABS,JYOTHY LABS,JYOTHYLAB,,NSE
KABRAEXTRUSIONTECHNIKL,KABRA EXTRUSION TECHNIK L,KABRAEXTRU,,NSE
KAJARIACERAMICS,KAJARIA CERAMICS,KAJARIACER,,NSE
KAKATIYACEMSUGAR&INDL,KAKATIYA CEM SUGAR &IND L,KAKATCEM,,NSE
KALPATARUPOWERTRANS.LT,KALPATARU POWER TRANS. LT,KALPATPOWR,,NSE
KALYANICOMMERCIALS,KALYANI COMMERCIALS,KALYANI-BE,,NSE
KALYANIFORGE,KALYANI FORGE,KALYANIFRG-BE,,NSE
KAMATHOTELS(I),KAMAT HOTELS (I),KAMATHOTEL,,NSE
KAMDHENU,KAMDHENU,KAMDHENU,,NSE
KANANIINDUSTRIES,KANANI INDUSTRIES,KANANIIND-BE,,NSE
KANORIACHEMICALS&INDUS,KANORIA CHEMICALS & INDUS,KANORICHEM,,NSE
KANSAINEROLACPAINTS,KANSAI NEROLAC PAINTS,KANSAINER,,NSE
,,KAPSTON-SM,,NSE
KARDACONSTRUCTIONS,KARDA CONSTRUCTIONS,KARDA,,NSE
KARMAENERGY,KARMA ENERGY,KARMAENG-BE,,NSE
KARURVYSYABANK,KARUR VYSYA BANK,KARURVYSYA,,NSE
KAUSHALYAINFRADEV.,KAUSHALYA INFRA DEV.,KAUSHALYA-BE,,NSE
KAVVERITEL..,KAVVERI TEL..,KAVVERITEL-BE,,NSE
KAYA,KAYA,KAYA,,NSE
KCP,KCP,KCP,,NSE
KCPSUGARINDCORP.,KCP SUGAR IND CORP.,KCPSUGIND,,NSE
KDDL,KDDL,KDDL,,NSE
KECINTL.,KEC INTL.,KEC,,NSE
KIRLOSKARELECTRICCO,KIRLOSKAR ELECTRIC CO,KECL,,NSE
,,KEERTI-SM,,NSE
KEIINDUSTRIES.,KEI INDUSTRIES.,KEI,,NSE
KELLTONTECHSOL,KELLTON TECH SOL,KELLTONTEC,,NSE
KENNAMETALINDIA,KENNAMETAL INDIA,KENNAMET,,NSE
KERNEXMICROSYS(I),KERNEX MICROSYS(I),KERNEX-BE,,NSE
KESORAMINDUSTRIES,KESORAM INDUSTRIES,KESORAMIND,,NSE
KEYNOTEFINSERV.,KEYNOTE FIN SERV.,KEYFINSERV-BE,,NSE
,,KGL-BZ,,NSE
KHADIMINDIA,KHADIM INDIA,KHADIM,,NSE
KHAITAN(INDIA)LTD.,KHAITAN (INDIA)LTD.,KHAITANLTD-BE,,NSE
KHANDWALASECURITIES,KHANDWALA SECURITIES,KHANDSE,,NSE
,,KHFM-SM,,NSE
KALYANIINVESTCO,KALYANI INVEST CO,KICL,,NSE
KILITCHDRUGSINDIA,KILITCH DRUGS INDIA,KILITCH,,NSE
KINGFASCI&TECIND.,KINGFA SCI & TEC IND.,KINGFA,,NSE
KIOCL,KIOCL,KIOCL,,NSE
KIRIINDUSTRIES,KIRI INDUSTRIES,KIRIINDUS,,NSE
KIRLOSKARFERROUSIND,KIRLOSKAR FERROUS IND,KIRLFER,,NSE
KIRLOSKARBROTHERS,KIRLOSKAR BROTHERS,KIRLOSBROS,,NSE
KIRLOSKAROILENG,KIRLOSKAR OIL ENG,KIRLOSENG,,NSE
KIRLOSKARINDUSTRIES,KIRLOSKAR INDUSTRIES,KIRLOSIND,,NSE
KITEXGARMENTS,KITEX GARMENTS,KITEX,,NSE
KEWALKIRANCLOTHING,KEWAL KIRAN CLOTHING,KKCL,,NSE
,,KKVAPOW-SM,,NSE
KMSUGARMILLS,K M SUGAR MILLS,KMSUGAR,,NSE
KNRCONSTRU.,KNR CONSTRU.,KNRCON,,NSE
KOHINOORFOODS,KOHINOOR FOODS,KOHINOOR,,NSE
KOKUYOCAMLIN,KOKUYO CAMLIN,KOKUYOCMLN,,NSE
KOLTEPATILDEV..,KOLTE PATIL DEV..,KOLTEPATIL,,NSE
KOPRAN,KOPRAN,KOPRAN,,NSE
KOTAKMAHINDRABANK,KOTAK MAHINDRA BANK,KOTAKBANK,,NSE
KOTAKMAMC-KOTAKBKETF,KOTAKMAMC-KOTAKBKETF,KOTAKBKETF,,NSE
KOTAKGOLDETF,KOTAK GOLD ETF,KOTAKGOLD,,NSE
KOTAKNIFTYETF,KOTAK NIFTY ETF,KOTAKNIFTY,,NSE
KOTAKMAMC-KTKNV20ETF,KOTAKMAMC - KTKNV20ETF,KOTAKNV20,,NSE
KOTAKPSUBANK,KOTAK PSU BANK,KOTAKPSUBK,,NSE
KOTHARISUG&CHEM.,KOTHARI SUG & CHEM.,KOTARISUG,,NSE
KOTHARIPETROCHEM,KOTHARI PETROCHEM,KOTHARIPET,,NSE
KOTHARIPRODUCTS,KOTHARI PRODUCTS,KOTHARIPRO,,NSE
KPITTECHNOLOGIES,KPIT TECHNOLOGIES,KPITTECH,,NSE
KPRMILL.,KPR MILL.,KPRMILL,,NSE
KRBL,KRBL,KRBL,,NSE
KREBSBIOCHEMICALS&IND,KREBS BIOCHEMICALS & IND,KREBSBIO,,NSE
KRIDHANINFRA,KRIDHAN INFRA,KRIDHANINF-BE,,NSE
KRISHANAPHOSCHEM,KRISHANA PHOSCHEM,KRISHANA-BE,,NSE
,,KRITIKA-SM,,NSE
KSB,KSB,KSB,,NSE
KAVERISEEDCO..,KAVERI SEED CO..,KSCL,,NSE
KSS,KSS,KSERASERA-BE,,NSE
,,KSHITIJPOL-SM,,NSE
KSKENERGYVENTURES,KSK ENERGY VENTURES,KSK-BE,,NSE
KALYANISTEELS,KALYANI STEELS,KSL,,NSE
KARNATAKABANK,KARNATAKA BANK,KTKBANK,,NSE
KUANTUMPAPERS,KUANTUM PAPERS,KUANTUM,,NSE
KWALITY,KWALITY,KWALITY-BE,,NSE
L&TFINANCEHOLDINGS,L&T FINANCE HOLDINGS,L&TFH,,NSE
,,L&TFINANCE-N7,,NSE
,,L&TFINANCE-N8,,NSE
,,L&TFINANCE-N9,,NSE
,,L&TFINANCE-NA,,NSE
,,L&TFINANCE-NB,,NSE
,,L&TFINANCE-NC,,NSE
,,L&TFINANCE-ND,,NSE
,,L&TFINANCE-NE,,NSE
,,L&TFINANCE-NF,,NSE
,,L&TFINANCE-NG,,NSE
,,L&TFINANCE-NH,,NSE
,,L&TFINANCE-NI,,NSE
,,L&TFINANCE-NJ,,NSE
,,L&TFINANCE-NK,,NSE
,,L&TFINANCE-NL,,NSE
,,L&TFINANCE-NM,,NSE
,,L&TFINANCE-NN,,NSE
,,L&TFINANCE-NO,,NSE
,,L&TFINANCE-NP,,NSE
,,L&TFINANCE-NQ,,NSE
,,L&TFINANCE-NR,,NSE
,,L&TFINANCE-NS,,NSE
,,L&TFINANCE-NT,,NSE
,,L&TFINANCE-NU,,NSE
,,L&TFINANCE-NV,,NSE
,,L&TFINANCE-NW,,NSE
,,L&TFINANCE-NX,,NSE
,,L&TFINANCE-NY,,NSE
,,L&TFINANCE-NZ,,NSE
,,L&TFINANCE-Y1,,NSE
,,L&TFINANCE-Y2,,NSE
,,L&TFINANCE-Y3,,NSE
,,L&TFINANCE-Y4,,NSE
,,L&TFINANCE-Y5,,NSE
,,L&TFINANCE-Y6,,NSE
,,L&TFINANCE-Y7,,NSE
,,L&TFINANCE-Y8,,NSE
,,L&TFINANCE-Y9,,NSE
,,L&TINFRA-N1,,NSE
,,L&TINFRA-N2,,NSE
,,L&TINFRA-N3,,NSE
,,L&TINFRA-N4,,NSE
,,L&TINFRA-N5,,NSE
,,L&TINFRA-N6,,NSE
,,LAGNAM-SM,,NSE
,,LAKPRE-BZ,,NSE
LAKSHMIVILASBANK,LAKSHMI VILAS BANK,LAKSHVILAS,,NSE
DR.LALPATHLABS.,DR. LAL PATH LABS.,LALPATHLAB,,NSE
LAMBODHARATEXTILES.,LAMBODHARA TEXTILES.,LAMBODHARA,,NSE
LAOPALARG,LA OPALA RG,LAOPALA,,NSE
LASASUPERGENERICS,LASA SUPERGENERICS,LASA-BE,,NSE
,,LATTEYS-SM,,NSE
LAURUSLABS,LAURUS LABS,LAURUSLABS,,NSE
,,LAXMICOT-SM,,NSE
LAKSHMIMACHINES,LAKSHMI MACHINES,LAXMIMACH,,NSE
LEMONTREEHOTELS,LEMON TREE HOTELS,LEMONTREE,,NSE
,,LEXUS-SM,,NSE
LAKSHMIFININDCORP,LAKSHMI FIN IND CORP,LFIC,,NSE
LGBALAKRISHNAN&BROS,LG BALAKRISHNAN & BROS,LGBBROSLTD,,NSE
LGBFORGE,LGB FORGE,LGBFORGE-BE,,NSE
LIBASDESIGNS,LIBAS DESIGNS,LIBAS-BE,,NSE
LIBERTYSHOES,LIBERTY SHOES,LIBERTSHOE,,NSE
LICHOUSINGFINANCE,LIC HOUSING FINANCE,LICHSGFIN,,NSE
LICNAMC-LICNMFET,LICNAMC - LICNMFET,LICNETFGSC,,NSE
LICNAMC-LICNFENGP,LICNAMC - LICNFENGP,LICNETFN50,,NSE
LICNAMC-LICNFESGP,LICNAMC - LICNFESGP,LICNETFSEN,,NSE
LICNAMC-LICNFNHGP,LICNAMC - LICNFNHGP,LICNFNHGP,,NSE
LINCOLNPHARMA,LINCOLN PHARMA,LINCOLN,,NSE
LINCPEN&PLASTICS,LINC PEN & PLASTICS,LINCPEN,,NSE
LINDEINDIA,LINDE INDIA,LINDEINDIA,,NSE
NIPINDETFLIQUIDBEES,NIP IND ETF LIQUID BEES,LIQUIDBEES,,NSE
DSPLIQUIDETF,DSP LIQUID ETF,LIQUIDETF,,NSE
LOKESHMACHINES,LOKESH MACHINES,LOKESHMACH,,NSE
LOTUSEYEHOSP&INSTL,LOTUS EYE HOSP & INST L,LOTUSEYE,,NSE
LOVABLELINGERIE,LOVABLE LINGERIE,LOVABLE,,NSE
LANDMARKPR.DEV.CO.LTD,LANDMARK PR.DEV.CO.LTD,LPDC,,NSE
LLOYDSSTEELSIND..,LLOYDS STEELS IND..,LSIL,,NSE
LARSEN&TOUBRO.,LARSEN & TOUBRO.,LT,,NSE
L&TINFOTECH,L&T INFOTECH,LTI,,NSE
L&TTECHNOLOGYSER..,L&T TECHNOLOGY SER..,LTTS,,NSE
LUMAXINDUSTRIES,LUMAX INDUSTRIES,LUMAXIND,,NSE
LUMAXAUTOTECH,LUMAX AUTO TECH,LUMAXTECH,,NSE
LUPIN,LUPIN,LUPIN,,NSE
LUXINDUSTRIES,LUX INDUSTRIES,LUXIND,,NSE
LYKALABS,LYKA LABS,LYKALABS,,NSE
LYPSAGEMS&JEWEL,LYPSA GEMS & JEWEL,LYPSAGEMS-BE,,NSE
MAHINDRA&MAHINDRA,MAHINDRA & MAHINDRA,M&M,,NSE
M&MFIN.SERVICES,M&M FIN. SERVICES,M&MFIN,,NSE
,,M&MFIN-N1,,NSE
,,M&MFIN-N2,,NSE
,,M&MFIN-N3,,NSE
MOSTSHARESM100ETF,MOST SHARES M100 ETF,M100,,NSE
MOSTSHARESM50ETF,MOST SHARES M50 ETF,M50,,NSE
MAANALUMINIUM,MAAN ALUMINIUM,MAANALU,,NSE
,,MACPOWER-SM,,NSE
MADHAVMARBLE&GRANITE,MADHAV MARBLE & GRANITE,MADHAV,,NSE
MADHUCONPROJECTS.,MADHUCON PROJECTS.,MADHUCON,,NSE
MADRASFERTILISERS,MADRAS FERTILISERS,MADRASFERT,,NSE
MAGADHSUGAR&ENERGY,MAGADH SUGAR & ENERGY,MAGADSUGAR,,NSE
MAGMAFINCORP,MAGMA FINCORP,MAGMA,,NSE
,,MAGMA-N1,,NSE
,,MAGMA-N2,,NSE
,,MAGMA-N3,,NSE
,,MAGMA-N4,,NSE
,,MAGMA-N5,,NSE
,,MAGMA-N6,,NSE
,,MAGMA-N7,,NSE
MAGNUMVENTURES.,MAGNUM VENTURES.,MAGNUM,,NSE
BANKOFMAHARASHTRA,BANK OF MAHARASHTRA,MAHABANK,,NSE
MAHARASHTRAAPEXCOPR.L,MAHA RASHTRA APEX COPR. L,MAHAPEXLTD-BE,,NSE
MAHAMAYASTEELINDS,MAHAMAYA STEEL INDS,MAHASTEEL,,NSE
MAHINDRAEPCIRRIG,MAHINDRA EPC IRRIG,MAHEPC,,NSE
MAHESHWARILOGISTICS.,MAHESHWARI LOGISTICS.,MAHESHWARI,,NSE
,,MAHICKRA-SM,,NSE
MAHINDRACIEAUTO,MAHINDRA CIE AUTO,MAHINDCIE,,NSE
MAHINDRALIFESPACEDEVLTD,MAHINDRA LIFESPACE DEVLTD,MAHLIFE,,NSE
MAHINDRALOGISTIC,MAHINDRA LOGISTIC,MAHLOG,,NSE
MAHARASHTRASCOOTERS,MAHARASHTRA SCOOTERS,MAHSCOOTER,,NSE
MAHARASHTRASEAMLESS,MAHARASHTRA SEAMLESS,MAHSEAMLES,,NSE
MAITHANALLOYS,MAITHAN ALLOYS,MAITHANALL,,NSE
MAJESCO,MAJESCO,MAJESCO,,NSE
MALUPAPERMILLS,MALU PAPER MILLS,MALUPAPER,,NSE
MIRAEAMC-MAN50ETF,MIRAEAMC - MAN50ETF,MAN50ETF,,NSE
MANAKALUMINIUMCO..,MANAK ALUMINIUM CO..,MANAKALUCO,,NSE
MANCOATMETAL&IND,MAN COAT METAL & IND,MANAKCOAT,,NSE
MANAKSIA.,MANAKSIA.,MANAKSIA,,NSE
MANAKSIASTEELS,MANAKSIA STEELS,MANAKSTEEL,,NSE
MANALIPETROCHEMICALSLT,MANALI PETROCHEMICALS LT,MANALIPETC,,NSE
MANAPPURAMFINANCE,MANAPPURAM FINANCE,MANAPPURAM,,NSE
,,MANAV-SM,,NSE
MANGALAMDRUG&CHEM,MANGALAM DRUG & CHEM,MANGALAM,,NSE
MANG.CHEM.FERT.LTD,MANG.CHEM.FERT.LTD,MANGCHEFER,,NSE
MANGALAMCEMENT,MANGALAM CEMENT,MANGLMCEM,,NSE
MANGALAMTIMBERPRODUCTS,MANGALAM TIMBER PRODUCTS,MANGTIMBER-BE,,NSE
MANINDUSTRIES(I).,MAN INDUSTRIES (I).,MANINDS,,NSE
MANINFRA,MAN INFRA,MANINFRA,,NSE
MANUGRAPHINDIA,MANUGRAPH INDIA,MANUGRAPH,,NSE
MIRAEAMC-MANXT50,MIRAEAMC - MANXT50,MANXT50,,NSE
MARALOVERSEAS,MARAL OVERSEAS,MARALOVER,,NSE
MARATHONNXTGENREALT,MARATHON NXTGEN REALT,MARATHON,,NSE
MARICO,MARICO,MARICO,,NSE
,,MARINE-SM,,NSE
MARKSANSPHARMA,MARKSANS PHARMA,MARKSANS,,NSE
,,MARSHALL-SM,,NSE
MARUTISUZUKIINDIA.,MARUTI SUZUKI INDIA.,MARUTI,,NSE
MASFINANCIALSERV,MAS FINANCIAL SERV,MASFIN,,NSE
MASKINVESTMENTS,MASK INVESTMENTS,MASKINVEST-BE,,NSE
MASTEK,MASTEK,MASTEK,,NSE
MATRIMONY.COM,MATRIMONY.COM,MATRIMONY,,NSE
MAWANASUGARS,MAWANA SUGARS,MAWANASUG,,NSE
MAXINDIA,MAX INDIA,MAXINDIA,,NSE
MAXVENTURESANDINDS,MAX VENTURES AND INDS,MAXVIL,,NSE
MAYURUNIQUOTERS,MAYUR UNIQUOTERS,MAYURUNIQ,,NSE
MAZDA,MAZDA,MAZDA,,NSE
MADHYABHARATAGROP.,MADHYA BHARAT AGRO P.,MBAPL-BE,,NSE
MCNALLYBH.ENG.CO.LTD,MCNALLY BH. ENG. CO.LTD,MBECL-BE,,NSE
MBLINFRASTRUCTURES,MBL INFRASTRUCTURES,MBLINFRA,,NSE
MCDOWELLHOLDINGS.,MCDOWELL HOLDINGS.,MCDHOLDING-BE,,NSE
UNITEDSPIRITS,UNITED SPIRITS,MCDOWELL-N,,NSE
,,MCL-SM,,NSE
MCLEODRUSSELINDIA.,MCLEOD RUSSEL INDIA.,MCLEODRUSS,,NSE
MULTICOMMODITYEXCHANGE,MULTI COMMODITY EXCHANGE,MCX,,NSE
,,MDL-SM,,NSE
MEGASOFT,MEGASOFT,MEGASOFT,,NSE
MEGHMANIORGANICS.,MEGHMANI ORGANICS.,MEGH,,NSE
MENONBEARINGS,MENON BEARINGS,MENONBE,,NSE
MEPINFRA.DEVELOPERS,MEP INFRA. DEVELOPERS,MEP,,NSE
MERCATOR,MERCATOR,MERCATOR,,NSE
METALYSTFORGINGS,METALYST FORGINGS,METALFORGE,,NSE
,,METKORE-BZ,,NSE
METROPOLISHEALTHCARE,METROPOLIS HEALTHCARE,METROPOLIS,,NSE
MAXFINANCIALSERV,MAX FINANCIAL SERV,MFSL,,NSE
,,MGEL-SM,,NSE
MAHANAGARGAS.,MAHANAGAR GAS.,MGL,,NSE
,,MHHL-SM,,NSE
MAHINDRAHOLIDAYS,MAHINDRA HOLIDAYS,MHRIL,,NSE
MICELECTRONICS,MIC ELECTRONICS,MIC-BE,,NSE
MISHRADHATUNIGAM,MISHRA DHATU NIGAM,MIDHANI,,NSE
,,MILTON-SM,,NSE
MINDACORPORATION,MINDA CORPORATION,MINDACORP,,NSE
MINDAINDUSTRIES.,MINDA INDUSTRIES.,MINDAIND,,NSE
,,MINDPOOL-SM,,NSE
MINDTECK(INDIA),MINDTECK (INDIA),MINDTECK,,NSE
MINDTREE,MINDTREE,MINDTREE,,NSE
MIRCELECTRONICS,MIRC ELECTRONICS,MIRCELECTR,,NSE
MIRZAINTERNATIONALLIMIT,MIRZA INTERNATIONAL LIMIT,MIRZAINT,,NSE
,,MITCON-SM,,NSE
,,MITTAL-SM,,NSE
,,MKPL-SM,,NSE
MMFORGINGS,MM FORGINGS,MMFL,,NSE
,,MMNL-IT,,NSE
MMPINDUSTRIES,MMP INDUSTRIES,MMP,,NSE
MMTC,MMTC,MMTC,,NSE
MODIRUBBER,MODI RUBBER,MODIRUBBER-BE,,NSE
MOHITINDUSTRIES,MOHIT INDUSTRIES,MOHITIND,,NSE
MOHOTAINDUSTRIES,MOHOTA INDUSTRIES,MOHOTAIND-BE,,NSE
MOIL,MOIL,MOIL,,NSE
,,MOKSH-SM,,NSE
MOLD-TEKTECHNOLOGIES,MOLD-TEK TECHNOLOGIES,MOLDTECH,,NSE
MOLD-TEKPACKAGING,MOLD-TEK PACKAGING,MOLDTKPAC,,NSE
MONTECARLOFASHIONS.,MONTE CARLO FASHIONS.,MONTECARLO,,NSE
MORARJEETEXTILES,MORARJEE TEXTILES,MORARJEE,,NSE
MOREPENLAB.,MOREPEN LAB.,MOREPENLAB,,NSE
MOTHERSONSUMISYSTEMSLT,MOTHERSON SUMI SYSTEMS LT,MOTHERSUMI,,NSE
MOTILALOSWALFIN,MOTILAL OSWAL FIN,MOTILALOFS,,NSE
MOTOR&GENERALFINANCEL,MOTOR & GENERAL FINANCE L,MOTOGENFIN,,NSE
MPHASIS,MPHASIS,MPHASIS,,NSE
MPS,MPS,MPSLTD,,NSE
,,MPTODAY-SM,,NSE
MRF,MRF,MRF,,NSE
,,MRO-IT,,NSE
MRPL,MRPL,MRPL,,NSE
MSPSTEEL&POWER.,MSP STEEL & POWER.,MSPL,,NSE
MSTC,MSTC,MSTCLTD,,NSE
MTEDUCARE,MT EDUCARE,MTEDUCARE,,NSE
MAHANAGARTELEPHONENIGAM,MAHANAGAR TELEPHONE NIGAM,MTNL,,NSE
MUKANDENGINEERS,MUKAND ENGINEERS,MUKANDENGG,,NSE
MUKAND.,MUKAND.,MUKANDLTD,,NSE
,,MUKANDLTD-P1,,NSE
MUKTAARTS,MUKTA ARTS,MUKTAARTS,,NSE
MUNJALAUTOIND..,MUNJAL AUTO IND..,MUNJALAU,,NSE
MUNJALSHOWA,MUNJAL SHOWA,MUNJALSHOW,,NSE
MURUDESHWARCERAMICS,MURUDESHWAR CERAMICS,MURUDCERA,,NSE
MUTHOOTCAPSERV,MUTHOOT CAP SERV,MUTHOOTCAP,,NSE
MUTHOOTFINANCE,MUTHOOT FINANCE,MUTHOOTFIN,,NSE
MOSTSHARESN100ETF,MOST SHARES N100 ETF,N100,,NSE
,,NABARD-N1,,NSE
,,NABARD-N2,,NSE
NACLINDUSTRIES,NACL INDUSTRIES,NACLIND,,NSE
NAGARJUNFERTANDCHE,NAGARJUN FERT AND CHE,NAGAFERT-BE,,NSE
NAGREEKACAP&INFR.LTD,NAGREEKA CAP & INFR.LTD,NAGREEKCAP,,NSE
NAGREEKAEXPORTS.,NAGREEKA EXPORTS.,NAGREEKEXP,,NSE
NAHARCAP&FIN.,NAHAR CAP & FIN.,NAHARCAP,,NSE
NAHARINDSENT,NAHAR INDS ENT,NAHARINDUS,,NSE
NAHARPOLYFILMS,NAHAR POLY FILMS,NAHARPOLY,,NSE
NAHARSPINNINGMILLS.,NAHAR SPINNING MILLS.,NAHARSPING,,NSE
NIPPONLIAM,NIPPON L I A M,NAM-INDIA,,NSE
,,NANDANI-SM,,NSE
,,NARMADA-SM,,NSE
NATCOPHARMA.,NATCO PHARMA.,NATCOPHARM,,NSE
NATHBIO-GENES(I),NATH BIO-GENES (I),NATHBIOGEN,,NSE
NATIONALALUMINIUMCO,NATIONAL ALUMINIUM CO,NATIONALUM,,NSE
NATIONALSTEEL&AGROIND,NATIONAL STEEL & AGRO IND,NATNLSTEEL-BE,,NSE
INFOEDGE(I),INFO EDGE (I),NAUKRI,,NSE
NAVINFLUORINEINT.,NAVIN FLUORINE INT.,NAVINFLUOR,,NSE
NAVKARCORPORATION.,NAVKAR CORPORATION.,NAVKARCORP,,NSE
NAVNEETEDUCATION,NAVNEET EDUCATION,NAVNETEDUL,,NSE
NBCC(INDIA),NBCC (INDIA),NBCC,,NSE
N.B.I.IND.FIN.CO.,N.B.I. IND. FIN. CO.,NBIFIN,,NSE
NAVABHARATVENTURESLIMI,NAVA BHARAT VENTURES LIMI,NBVENTURES,,NSE
NCC,NCC,NCC,,NSE
NCLINDUSTRIES,NCL INDUSTRIES,NCLIND,,NSE
NAGADHUNSERIGROUP,NAGA DHUNSERI GROUP,NDGL,,NSE
NANDANDENIM,NANDAN DENIM,NDL,,NSE
NDTV,NDTV,NDTV,,NSE
NORTHEASTCARRYCORP,NORTH EAST CARRY CORP,NECCLTD,,NSE
NECTARLIFESCIENCES.,NECTAR LIFESCIENCES.,NECLIFE,,NSE
NELCAST,NELCAST,NELCAST,,NSE
NELCO,NELCO,NELCO,,NSE
NEOGENCHEMICALS,NEOGEN CHEMICALS,NEOGEN,,NSE
NESCO.,NESCO.,NESCO,,NSE
NESTLEINDIA,NESTLE INDIA,NESTLEIND,,NSE
TATAAML-NETF,TATAAML - NETF,NETF,,NSE
NIPPOINDETFCONSUMPTION,NIPPO IND ETF CONSUMPTION,NETFCONSUM,,NSE
NIPETFDIVOPPORTUNITIES,NIP ETF DIV OPPORTUNITIES,NETFDIVOPP,,NSE
NIINDETFLONGTERMGILT,NI IND ETF LONG TERM GILT,NETFLTGILT,,NSE
NIIETFNIFTYMIDCAP150,NI I ETF NIFTY MIDCAP 150,NETFMID150,,NSE
NIPPINDIAETFNIFTY100,NIPP INDIA ETF NIFTY 100,NETFNIF100,,NSE
NIPPONINDIAETFNV20,NIPPON INDIA ETF NV20,NETFNV20,,NSE
NETWORK18MEDIA&INV,NETWORK18 MEDIA & INV,NETWORK18-BE,,NSE
NEULANDLAB.,NEULAND LAB.,NEULANDLAB,,NSE
NEWGENSOFTWARETECH,NEWGEN SOFTWARE TECH,NEWGEN,,NSE
NEXTMEDIAWORKS,NEXT MEDIAWORKS,NEXTMEDIA,,NSE
NATIONALFERT.,NATIONAL FERT.,NFL,,NSE
NARAYANAHRUDAYALAYA.,NARAYANA HRUDAYALAYA.,NH,,NSE
,,NHAI-N1,,NSE
,,NHAI-N2,,NSE
,,NHAI-N3,,NSE
,,NHAI-N4,,NSE
,,NHAI-N5,,NSE
,,NHAI-N6,,NSE
,,NHAI-N7,,NSE
,,NHAI-N8,,NSE
,,NHAI-N9,,NSE
,,NHAI-NA,,NSE
,,NHAI-NB,,NSE
,,NHAI-NC,,NSE
,,NHAI-ND,,NSE
,,NHAI-NE,,NSE
,,NHBTF2014-N1,,NSE
,,NHBTF2014-N2,,NSE
,,NHBTF2014-N3,,NSE
,,NHBTF2014-N4,,NSE
,,NHBTF2014-N5,,NSE
,,NHBTF2014-N6,,NSE
,,NHBTF2023-N1,,NSE
,,NHBTF2023-N2,,NSE
,,NHBTF2023-N3,,NSE
,,NHBTF2023-N4,,NSE
,,NHBTF2023-N5,,NSE
,,NHBTF2023-N6,,NSE
,,NHBTF2023-N7,,NSE
NHPC,NHPC,NHPC,,NSE
,,NHPC-N1,,NSE
,,NHPC-N2,,NSE
,,NHPC-N3,,NSE
,,NHPC-N4,,NSE
,,NHPC-N5,,NSE
,,NHPC-N6,,NSE
THENEWINDIAASSUCO,THE NEW INDIA ASSU CO,NIACL,,NSE
NRBINDUS.BEARINGS.,NRB INDUS. BEARINGS.,NIBL,,NSE
NIPPOINDETFNIFTYBEES,NIPPO IND ETF NIFTY BEES,NIFTYBEES,,NSE
EDELWEISSETF-NIFTY50,EDELWEISS ETF - NIFTY 50,NIFTYEES,,NSE
NIIT,NIIT,NIITLTD,,NSE
NIITTECHNOLOGIES,NIIT TECHNOLOGIES,NIITTECH,,NSE
NILAINFRASTRUCTURES,NILA INFRASTRUCTURES,NILAINFRA,,NSE
NILASPACES,NILA SPACES,NILASPACES,,NSE
NILKAMAL,NILKAMAL,NILKAMAL,,NSE
INDO-NATIONAL,INDO-NATIONAL,NIPPOBATRY,,NSE
NIRAJISPATIND,NIRAJ ISPAT IND,NIRAJISPAT-BE,,NSE
NITCO,NITCO,NITCO,,NSE
,,NITINFIRE-BZ,,NSE
NITINSPINNERS,NITIN SPINNERS,NITINSPIN,,NSE
,,NITIRAJ-SM,,NSE
NKINDUSTRIES,NK INDUSTRIES,NKIND,,NSE
NLCINDIA,NLC INDIA,NLCINDIA,,NSE
NMDC.,NMDC.,NMDC,,NSE
NOCIL,NOCIL,NOCIL,,NSE
NOIDATOLLBRIDGECO,NOIDA TOLL BRIDGE CO,NOIDATOLL,,NSE
NORBENTEA&EXPORTS,NORBEN TEA & EXPORTS,NORBTEAEXP,,NSE
TATAAML-NPBET,TATAAML - NPBET,NPBET,,NSE
NRAGARWALINDS,N R AGARWAL INDS,NRAIL,,NSE
NRBBEARING,NRB BEARING,NRBBEARING,,NSE
NALWASONSINVESTMENT,NALWA SONS INVESTMENT,NSIL,,NSE
NEUEONTOWERS,NEUEON TOWERS,NTL-BE,,NSE
NTPC,NTPC,NTPC,,NSE
,,NTPC-N1,,NSE
,,NTPC-N2,,NSE
,,NTPC-N3,,NSE
,,NTPC-N4,,NSE
,,NTPC-N5,,NSE
,,NTPC-N6,,NSE
,,NTPC-N7,,NSE
,,NTPC-N8,,NSE
,,NTPC-N9,,NSE
,,NTPC-NA,,NSE
,,NTPC-NB,,NSE
,,NTPC-NC,,NSE
,,NTPC-ND,,NSE
NUCLEUSSOFTWAREEXPORTS,NUCLEUS SOFTWARE EXPORTS,NUCLEUS,,NSE
NXTDIGITAL,NXTDIGITAL,NXTDIGITAL,,NSE
ORIENTALAROMATICS,ORIENTAL AROMATICS,OAL,,NSE
OBEROIREALTY,OBEROI REALTY,OBEROIRLTY,,NSE
ORIENTALCARBN&CHEM,ORIENTAL CARBN & CHEM,OCCL,,NSE
ORACLEFINSERVSOFT.,ORACLE FIN SERV SOFT.,OFSS,,NSE
OILINDIA,OIL INDIA,OIL,,NSE
OILCOUNTRYTUBULAR.,OIL COUNTRY TUBULAR.,OILCOUNTUB-BE,,NSE
OCLIRONANDSTEEL,OCL IRON AND STEEL,OISL,,NSE
OLECTRAGREENTECH,OLECTRA GREENTECH,OLECTRA,,NSE
OMAXAUTOS,OMAX AUTOS,OMAXAUTO,,NSE
OMAXE,OMAXE,OMAXE,,NSE
,,OMFURN-SM,,NSE
OMKARSPLCHEM,OMKAR SPL CHEM,OMKARCHEM,,NSE
OMMETALSINFRAPRO,OM METALS INFRAPRO,OMMETALS,,NSE
ONELIFECAPADVISORS,ONELIFE CAP ADVISORS,ONELIFECAP,,NSE
ONEPOINTONESOL,ONE POINT ONE SOL,ONEPOINT,,NSE
OILANDNATURALGASCORP.,OIL AND NATURAL GAS CORP.,ONGC,,NSE
ONMOBILEGLOBAL.,ONMOBILE GLOBAL.,ONMOBILE,,NSE
ONWARDTECHNOLOGIES,ONWARD TECHNOLOGIES,ONWARDTEC,,NSE
,,OPAL-SM,,NSE
OPTIEMUSINFRACOM,OPTIEMUS INFRACOM,OPTIEMUS,,NSE
OPTOCIRCUITS(I).,OPTO CIRCUITS (I).,OPTOCIRCUI,,NSE
ORBITEXPORTS,ORBIT EXPORTS,ORBTEXP,,NSE
ORICONENTERPRISES,ORICON ENTERPRISES,ORICONENT,,NSE
ORIENTABRASIVE,ORIENT ABRASIVE,ORIENTABRA,,NSE
ORIENTALTRIMEX,ORIENTAL TRIMEX,ORIENTALTL,,NSE
ORIENTALBANKOFCOMMERCE,ORIENTAL BANK OF COMMERCE,ORIENTBANK,,NSE
ORIENTBELL,ORIENT BELL,ORIENTBELL,,NSE
ORIENTCEMENT.,ORIENT CEMENT.,ORIENTCEM,,NSE
ORIENTELECTRIC,ORIENT ELECTRIC,ORIENTELEC,,NSE
ORIENTHOTELS,ORIENT HOTELS,ORIENTHOT,,NSE
ORIENTPRESS,ORIENT PRESS,ORIENTLTD,,NSE
ORIENTPAPERANDINDS,ORIENT PAPER AND INDS,ORIENTPPR,,NSE
ORIENTREFRACTORIES,ORIENT REFRACTORIES,ORIENTREF,,NSE
ORISSAMINDEVCO,ORISSA MIN DEV CO,ORISSAMINE,,NSE
,,ORTEL-BZ,,NSE
ORTINLABORATORIES,ORTIN LABORATORIES,ORTINLABSS,,NSE
,,OSEINTRUST-IV,,NSE
,,OSIAHYPER-SM,,NSE
OSWALAGROMILLS,OSWAL AGRO MILLS,OSWALAGRO,,NSE
,,OSWALSEEDS-SM,,NSE
PAE,PAE,PAEL-BE,,NSE
PAGEINDUSTRIES,PAGE INDUSTRIES,PAGEIND,,NSE
PAISALODIGITAL,PAISALO DIGITAL,PAISALO,,NSE
PALASHSECURITIES,PALASH SECURITIES,PALASHSECU-BE,,NSE
PALREDTECHNOLOGIES,PALRED TECHNOLOGIES,PALREDTEC,,NSE
PANACEABIOTEC,PANACEA BIOTEC,PANACEABIO,,NSE
PANACHEDIGILIFE,PANACHE DIGILIFE,PANACHE,,NSE
PANAMAPETROCHEM,PANAMA PETROCHEM,PANAMAPET,,NSE
,,PANSARI-SM,,NSE
HUHTAMAKIPPL,HUHTAMAKI PPL,PAPERPROD,,NSE
,,PAR-SM,,NSE
PARABOLICDRUGS,PARABOLIC DRUGS,PARABDRUGS-BE,,NSE
PARAMOUNTCOMM,PARAMOUNT COMM,PARACABLES,,NSE
PARAGMILKFOODS.,PARAG MILK FOODS.,PARAGMILK,,NSE
,,PARIN-SM,,NSE
PARSVNATHDEVELOPER,PARSVNATH DEVELOPER,PARSVNATH-BE,,NSE
,,PASHUPATI-SM,,NSE
PATELENGINEERING.,PATEL ENGINEERING.,PATELENG,,NSE
PATELINT.LOG.,PATEL INT. LOG.,PATINTLOG,,NSE
PATSPININDIALTD.,PATSPIN INDIALTD.,PATSPINLTD-BE,,NSE
PCJEWELLER,PC JEWELLER,PCJEWELLER,,NSE
PUDUMJEEPAPERPRO.,PUDUMJEE PAPER PRO.,PDMJEPAPER,,NSE
PARENTERALDRUGS,PARENTERAL DRUGS,PDPL-BE,,NSE
PDSMULTINATIONALFAS,PDS MULTINATIONAL FAS,PDSMFL,,NSE
PEARLPOLYMERS,PEARL POLYMERS,PEARLPOLY-BE,,NSE
PIRAMALENTERPRISES,PIRAMAL ENTERPRISES,PEL,,NSE
,,PEL-D2,,NSE
PENNARINDUSTRIES,PENNAR INDUSTRIES,PENIND,,NSE
PENINSULALAND,PENINSULA LAND,PENINLAND-BE,,NSE
,,PENTAGOLD-SM,,NSE
,,PERFECT-SM,,NSE
PERSISTENTSYSTEMS,PERSISTENT SYSTEMS,PERSISTENT,,NSE
PETRONETLNG,PETRONET LNG,PETRONET,,NSE
POWERFINCORP.,POWER FIN CORP.,PFC,,NSE
,,PFC-N1,,NSE
,,PFC-N2,,NSE
,,PFC-N3,,NSE
,,PFC-N4,,NSE
,,PFC-N5,,NSE
,,PFC-N6,,NSE
,,PFC-N7,,NSE
,,PFC-N8,,NSE
PFIZER,PFIZER,PFIZER,,NSE
PRIMEFOCUS,PRIME FOCUS,PFOCUS,,NSE
PTCINDIAFINSERV,PTC INDIA FIN SERV,PFS,,NSE
PGELECTROPLAST,PG ELECTROPLAST,PGEL,,NSE
P&GHYGIENE&HEALTHCARE,P&G HYGIENE & HEALTH CARE,PGHH,,NSE
PROCTER&GAMBLEHEALTHL,PROCTER & GAMBLE HEALTH L,PGHL,,NSE
PEARLGLOBALIND,PEARL GLOBAL IND,PGIL,,NSE
PHILIPSCARBONBLACK,PHILIPS CARBON BLACK,PHILIPCARB,,NSE
THEPHOENIXMILLS,THE PHOENIX MILLS,PHOENIXLTD,,NSE
PIDILITEINDUSTRIES,PIDILITE INDUSTRIES,PIDILITIND,,NSE
,,PIGL-SM,,NSE
PIINDUSTRIES,PI INDUSTRIES,PIIND,,NSE
PILANIINV&INDCOR,PILANI INV & IND COR,PILANIINVS,,NSE
PILITALICALIFESTYLE,PIL ITALICA LIFESTYLE,PILITA,,NSE
PIONEERDIST,PIONEER DIST,PIONDIST,,NSE
PIONEEREMBROIDERIES,PIONEER EMBROIDERIES,PIONEEREMB,,NSE
PITTIENGINEERING,PITTI ENGINEERING,PITTIENG,,NSE
THEPKTEAPRODCO,THE P K TEA PROD CO,PKTEA-BE,,NSE
PLASTIBLENDSINDIA,PLASTIBLENDS INDIA,PLASTIBLEN,,NSE
PUNJABNATIONALBANK,PUNJAB NATIONAL BANK,PNB,,NSE
PNBGILTS,PNB GILTS,PNBGILTS,,NSE
PNBHOUSINGFIN.,PNB HOUSING FIN.,PNBHOUSING,,NSE
PRITISHNANDYCOMMUNICATI,PRITISH NANDY COMMUNICATI,PNC,,NSE
PNCINFRATECH.,PNC INFRATECH.,PNCINFRA,,NSE
PODDARHOUSE&DVPT,PODDAR HOUSE & DVPT,PODDARHOUS,,NSE
PODDARPIGMENTS,PODDAR PIGMENTS,PODDARMENT,,NSE
POKARNA,POKARNA,POKARNA,,NSE
POLYCABINDIA,POLYCAB INDIA,POLYCAB,,NSE
POLYMEDICURE,POLY MEDICURE,POLYMED,,NSE
POLYPLEXCORPORATION,POLYPLEX CORPORATION,POLYPLEX,,NSE
PONNIESUGARS(ERODE),PONNIE SUGARS (ERODE),PONNIERODE,,NSE
,,POWERFUL-SM,,NSE
POWERGRIDCORP..,POWER GRID CORP..,POWERGRID,,NSE
POWERMECHPROJECTS.,POWER MECH PROJECTS.,POWERMECH,,NSE
PPAPAUTOMOTIVE,PPAP AUTOMOTIVE,PPAP,,NSE
PRAKASHPIPES,PRAKASH PIPES,PPL,,NSE
PRABHATDAIRY,PRABHAT DAIRY,PRABHAT,,NSE
PRADIPOVERSEAS,PRADIP OVERSEAS,PRADIP-BE,,NSE
PRAJAYENG.SYN..,PRAJAY ENG. SYN..,PRAENG,,NSE
PRAJINDUSTRIES,PRAJ INDUSTRIES,PRAJIND,,NSE
PRAKASHINDUSTRIES,PRAKASH INDUSTRIES,PRAKASH,,NSE
PRAKASHSTEELAGE,PRAKASH STEELAGE,PRAKASHSTL-BE,,NSE
PRECISIONCAMSHAFTS.,PRECISION CAMSHAFTS.,PRECAM-BE,,NSE
PRECOTMERIDIAN,PRECOT MERIDIAN,PRECOT,,NSE
PRECISIONWIRESINDIA,PRECISION WIRES INDIA,PRECWIRE,,NSE
PREMIEREXPLOSIVES,PREMIER EXPLOSIVES,PREMEXPLN,,NSE
PREMIER,PREMIER,PREMIER-BE,,NSE
PREMIERPOLYFILM,PREMIER POLYFILM,PREMIERPOL,,NSE
PRESSMANADVERTISING,PRESSMAN ADVERTISING,PRESSMN,,NSE
PRESTIGEESTATE,PRESTIGE ESTATE,PRESTIGE,,NSE
PRICOL,PRICOL,PRICOLLTD,,NSE
PRIMESECURITIES,PRIME SECURITIES,PRIMESECU,,NSE
PRINCEPIPESFITTINGS,PRINCE PIPES FITTINGS,PRINCEPIPE,,NSE
,,PRITI-SM,,NSE
,,PROLIFE-SM,,NSE
PROSEEDINDIA,PROSEED INDIA,PROSEED,,NSE
PROZONEINTUPROPRTIS,PROZONE INTU PROPRTIS,PROZONINTU,,NSE
PRISMJOHNSON,PRISM JOHNSON,PRSMJOHNSN,,NSE
PUNJAB&SINDBANK,PUNJAB & SIND BANK,PSB,,NSE
PSL,PSL,PSL,,NSE
PSPPROJECTS,PSP PROJECTS,PSPPROJECT,,NSE
NIPPINETFPSUBANKBEES,NIPP IN ETF PSU BANK BEES,PSUBNKBEES,,NSE
PTCINDIA,PTC INDIA,PTC,,NSE
PTLENTERPRISES,PTL ENTERPRISES,PTL,,NSE
,,PULZ-SM,,NSE
PUNJABCHEM&CROPPROTL,PUNJAB CHEM & CROP PROT L,PUNJABCHEM,,NSE
,,PUNJLLOYD-BZ,,NSE
PURAVANKARA,PURAVANKARA,PURVA,,NSE
,,PUSHPREALM-SM,,NSE
PVR,PVR,PVR,,NSE
QUANTUMGOLDFUND,QUANTUM GOLD FUND,QGOLDHALF,,NSE
QUANTUMNIFTYETF,QUANTUM NIFTY ETF,QNIFTY,,NSE
QUESSCORP,QUESS CORP,QUESS,,NSE
QUICKHEALTECH,QUICK HEAL TECH,QUICKHEAL,,NSE
RADAANMEDIAWORKS(I),RADAAN MEDIAWORKS (I),RADAAN,,NSE
RADICOKHAITAN,RADICO KHAITAN,RADICO,,NSE
MUSICBROADCAST,MUSIC BROADCAST,RADIOCITY,,NSE
RAININDUSTRIES,RAIN INDUSTRIES,RAIN,,NSE
RAJESHEXPORTS,RAJESH EXPORTS,RAJESHEXPO,,NSE
,,RAJMET-SM,,NSE
,,RAJRAYON-BZ,,NSE
RAJSHREESUGAR&CHEMICAL,RAJSHREE SUGAR & CHEMICAL,RAJSREESUG,,NSE
RAJTVNETWORK,RAJ TV NETWORK,RAJTV,,NSE
RAJVIRINDUSTRIES,RAJVIR INDUSTRIES,RAJVIR-BE,,NSE
RALLISINDIA,RALLIS INDIA,RALLIS,,NSE
SHREERAMANEWSPRINT,SHREE RAMA NEWSPRINT,RAMANEWS,,NSE
RAMASTEELTUBES,RAMA STEEL TUBES,RAMASTEEL,,NSE
THERAMCOCEMENTS,THE RAMCO CEMENTS,RAMCOCEM,,NSE
RAMCOINDUSTRIES,RAMCO INDUSTRIES,RAMCOIND,,NSE
RAMCOSYSTEMS.,RAMCO SYSTEMS.,RAMCOSYS,,NSE
RAMKYINFRA,RAMKY INFRA,RAMKY,,NSE
,,RAMSARUP-BZ,,NSE
RANASUGARS.,RANA SUGARS.,RANASUG-BE,,NSE
RANEENGVALVE,RANE ENG VALVE,RANEENGINE-BE,,NSE
RANEHOLDINGS,RANE HOLDINGS,RANEHOLDIN,,NSE
RATNAMANIMET&TUB.,RATNAMANI MET & TUB.,RATNAMANI,,NSE
RAYMOND,RAYMOND,RAYMOND,,NSE
RANEBRAKELINING,RANE BRAKE LINING,RBL,,NSE
RBLBANK,RBL BANK,RBLBANK,,NSE
RASHTRIYACHEMICALS&FER,RASHTRIYA CHEMICALS & FER,RCF,,NSE
RELIANCECOMMUNICATIONSL,RELIANCE COMMUNICATIONS L,RCOM-BE,,NSE
REC,REC,RECLTD,,NSE
,,RECLTD-N1,,NSE
,,RECLTD-N2,,NSE
,,RECLTD-N3,,NSE
,,RECLTD-N4,,NSE
,,RECLTD-N5,,NSE
,,RECLTD-N6,,NSE
,,RECLTD-N7,,NSE
,,RECLTD-N8,,NSE
,,RECLTD-N9,,NSE
,,RECLTD-NA,,NSE
,,RECLTD-NB,,NSE
,,RECLTD-NC,,NSE
,,RECLTD-ND,,NSE
,,RECLTD-NE,,NSE
,,RECLTD-NF,,NSE
,,RECLTD-NG,,NSE
,,RECLTD-NH,,NSE
,,RECLTD-NI,,NSE
REDINGTON(INDIA).,REDINGTON (INDIA).,REDINGTON,,NSE
REFEXINDUSTRIES,REFEX INDUSTRIES,REFEX,,NSE
REGENCYCERAMICS-LTD,REGENCYCERAMICS-LTD,REGENCERAM-BE,,NSE
RELAXOFOOT.,RELAXO FOOT.,RELAXO,,NSE
RELIANCECAPITAL,RELIANCE CAPITAL,RELCAPITAL,,NSE
,,RELIABLE-SM,,NSE
RELIANCEINDUSTRIES,RELIANCE INDUSTRIES,RELIANCE,,NSE
RELIGAREENTER..,RELIGARE ENTER..,RELIGARE,,NSE
RELIANCEINFRASTRUCTU,RELIANCE INFRASTRUCTU,RELINFRA,,NSE
REMSONSINDUSTRIES,REMSONS INDUSTRIES,REMSONSIND,,NSE
SHREERENUKASUGARS,SHREE RENUKA SUGARS,RENUKA,,NSE
REPCOHOMEFINANCE,REPCO HOME FINANCE,REPCOHOME,,NSE
,,REPL-SM,,NSE
REPROINDIA,REPRO INDIA,REPRO,,NSE
RESPONSIVEINDUSTRIES,RESPONSIVE INDUSTRIES,RESPONIND,,NSE
REVATHIEQUIPMENT,REVATHI EQUIPMENT,REVATHI,,NSE
RENAISSANCEGLOBAL,RENAISSANCE GLOBAL,RGL,,NSE
RELIANCEHOMEFINANCE,RELIANCE HOME FINANCE,RHFL,,NSE
,,RHFL-N3,,NSE
,,RHFL-N4,,NSE
,,RHFL-N5,,NSE
,,RHFL-N6,,NSE
,,RHFL-N7,,NSE
,,RHFL-N8,,NSE
RICOAUTOINDUSTRIES,RICO AUTO INDUSTRIES,RICOAUTO,,NSE
RELIANCEINDUSTRIALINFRA,RELIANCE INDUSTRIAL INFRA,RIIL,,NSE
RITES,RITES,RITES,,NSE
RAVIKUMARDIST..,RAVI KUMAR DIST..,RKDL,,NSE
,,RKEC-SM,,NSE
RAMKRISHNAFORGINGS,RAMKRISHNA FORGINGS,RKFORGE,,NSE
RADHAMADHAVCO..,RADHA MADHAV CO..,RMCL-BE,,NSE
,,RMDRIP-SM,,NSE
RANE(MADRAS),RANE (MADRAS),RML,,NSE
RELIANCENAVAL&ENGG,RELIANCE NAVAL & ENGG,RNAVAL-BE,,NSE
ROHITFERRO-TECH,ROHIT FERRO-TECH,ROHITFERRO-BE,,NSE
ROYALORCHIDHOTELS,ROYAL ORCHID HOTELS,ROHLTD,,NSE
ROLLATAINERS,ROLLATAINERS,ROLLT,,NSE
ROLTAINDIA-DEPSETT,ROLTA INDIA - DEP SETT,ROLTA-BE,,NSE
ROSSELLINDIA,ROSSELL INDIA,ROSSELLIND-BE,,NSE
RPGLIFESCIENCES,RPG LIFE SCIENCES,RPGLIFE,,NSE
RELIANCEPOWER.,RELIANCE POWER.,RPOWER,,NSE
R.P.PINFRAPROJECTS,R.P.P INFRA PROJECTS,RPPINFRA,,NSE
,,RPPL-SM,,NSE
R.S.SOFTWARE(INDIA)LI,R. S. SOFTWARE (INDIA) LI,RSSOFTWARE,,NSE
RSWM,RSWM,RSWM,,NSE
RSYSINTERNATIONAL,R SYS INTERNATIONAL,RSYSTEMS,,NSE
RATTANINDIAPOWER,RATTANINDIA POWER,RTNPOWER,,NSE
THERUBYMILLS,THE RUBY MILLS,RUBYMILLS,,NSE
RUCHISOYAINDUSTRIES,RUCHI SOYA INDUSTRIES,RUCHI,,NSE
RUCHIINFRASTRUCTURE,RUCHI INFRASTRUCTURE,RUCHINFRA-BE,,NSE
RUCHIRAPAPERS,RUCHIRA PAPERS,RUCHIRA,,NSE
RUPA&COMPANY,RUPA & COMPANY,RUPA,,NSE
RUSHILDECOR,RUSHIL DECOR,RUSHIL,,NSE
RAILVIKASNIGAM,RAIL VIKAS NIGAM,RVNL,,NSE
SABEVENTS&GOVERNANCE,SAB EVENTS & GOVERNANCE,SABEVENTS,,NSE
SRIADHIKARIBROS.,SRI ADHIKARI BROS.,SABTN,,NSE
SADBHAVENGINEERING,SADBHAV ENGINEERING,SADBHAV,,NSE
SADBHAVINFRAPROJ.,SADBHAV INFRA PROJ.,SADBHIN,,NSE
SAFARIIND(INDIA),SAFARI IND (INDIA),SAFARI,,NSE
SAGARDEEPALLOYS,SAGARDEEP ALLOYS,SAGARDEEP-BE,,NSE
SAGARCEMENTS,SAGAR CEMENTS,SAGCEM,,NSE
STEELAUTHORITYOFINDIA,STEEL AUTHORITY OF INDIA,SAIL,,NSE
SAKARHEALTHCARE,SAKAR HEALTHCARE,SAKAR-BE,,NSE
,,SAKETH-SM,,NSE
SAKTHISUGARS,SAKTHI SUGARS,SAKHTISUG,,NSE
SAKSOFT,SAKSOFT,SAKSOFT,,NSE
SAKUMAEXPORTS,SAKUMA EXPORTS,SAKUMA,,NSE
SALASARTECHNOENGG..,SALASAR TECHNO ENGG..,SALASAR,,NSE
SALONACOTSPIN.,SALONA COTSPIN.,SALONA,,NSE
S.A.L.STEEL.,S.A.L. STEEL.,SALSTEEL-BE,,NSE
SALZERELECTRONICS,SALZER ELECTRONICS,SALZERELEC,,NSE
SAMBHAAVMEDIA,SAMBHAAV MEDIA,SAMBHAAV,,NSE
SANCOINDUSTRIES,SANCO INDUSTRIES,SANCO,,NSE
SANDESH,SANDESH,SANDESH,,NSE
SANDHARTECHNOLOGIES,SANDHAR TECHNOLOGIES,SANDHAR,,NSE
SANGAM(INDIA),SANGAM (INDIA),SANGAMIND-BE,,NSE
SANGHIINDUSTRIES,SANGHI INDUSTRIES,SANGHIIND,,NSE
SANGHVIFOR&ENG,SANGHVI FOR & ENG,SANGHVIFOR,,NSE
SANGHVIMOVERS,SANGHVI MOVERS,SANGHVIMOV,,NSE
SANGINITACHEMICALS,SANGINITA CHEMICALS,SANGINITA-BE,,NSE
SANOFIINDIA,SANOFI INDIA,SANOFI,,NSE
SANWARIACONSUMER,SANWARIA CONSUMER,SANWARIA,,NSE
SARDAENERGY&MIN,SARDA ENERGY & MIN,SARDAEN,,NSE
SAREGAMAINDIA,SAREGAMA INDIA,SAREGAMA,,NSE
SARLAPERF.FIBERS,SARLA PERF. FIBERS,SARLAPOLY,,NSE
,,SARVESHWAR-SM,,NSE
SASKENTECHNOLOGIES,SASKEN TECHNOLOGIES,SASKEN,,NSE
SASTASUNDARVENTURES,SASTASUNDAR VENTURES,SASTASUNDR,,NSE
SATHAVAHANAISPAT,SATHAVAHANA ISPAT,SATHAISPAT-BE,,NSE
SATIAINDUSTRIES,SATIA INDUSTRIES,SATIA,,NSE
SATINCREDITNET,SATIN CREDIT NET,SATIN,,NSE
SBIAMC-SBIETFQLTY,SBIAMC - SBIETFQLTY,SBIETFQLTY,,NSE
SBILIFEINSURANCECO,SBI LIFE INSURANCE CO,SBILIFE,,NSE
STATEBANKOFINDIA,STATE BANK OF INDIA,SBIN,,NSE
,,SBIN-N2,,NSE
,,SBIN-N5,,NSE
,,SBIN-N6,,NSE
STAMPEDECAPITAL,STAMPEDE CAPITAL,SCAPDVR,,NSE
SCHAEFFLERINDIA,SCHAEFFLER INDIA,SCHAEFFLER,,NSE
SCHANDANDCOMPANY,S CHAND AND COMPANY,SCHAND-BE,,NSE
SCHNEIDERELECTRICINFRA,SCHNEIDER ELECTRIC INFRA,SCHNEIDER,,NSE
SHIPPINGCORPOFINDIALT,SHIPPING CORP OF INDIA LT,SCI,,NSE
SOMDIST&BREW,SOM DIST & BREW,SDBL-BE,,NSE
SEAMEC,SEAMEC,SEAMECLTD,,NSE
,,SECL-SM,,NSE
,,SECURCRED-SM,,NSE
SELANEXPLO.TECH,SELAN EXPLO. TECH,SELAN,,NSE
SELMANU.CO..,SEL MANU. CO..,SELMCL-BE,,NSE
S.E.POWER,S.E. POWER,SEPOWER,,NSE
SEQUENTSCIENTIFIC.,SEQUENT SCIENTIFIC.,SEQUENT,,NSE
,,SERVOTECH-SM,,NSE
SESHASAYEEPAPER&BOARDS,SESHASAYEE PAPER & BOARDS,SESHAPAPER,,NSE
SETCOAUTOMOTIVE,SETCO AUTOMOTIVE,SETCO,,NSE
SBIAMC-SETF10GILT,SBIAMC - SETF10GILT,SETF10GILT,,NSE
SBI-ETFGOLD,SBI-ETF GOLD,SETFGOLD,,NSE
SBI-ETFNIFTY50,SBI-ETF NIFTY 50,SETFNIF50,,NSE
SBI-ETFNIFTYBANK,SBI-ETF NIFTY BANK,SETFNIFBK,,NSE
SBI-ETFNIFTYNEXT50,SBI-ETF NIFTY NEXT 50,SETFNN50,,NSE
SETUBANDHANINFRA,SETUBANDHAN INFRA,SETUINFRA,,NSE
SEYAINDUSTRIES,SEYA INDUSTRIES,SEYAIND,,NSE
,,SEZAL-BZ,,NSE
SHEELAFOAM,SHEELA FOAM,SFL,,NSE
,,SGBAUG24-GB,,NSE
,,SGBAUG27-GB,,NSE
,,SGBDC27VII-GB,,NSE
,,SGBDEC25-GB,,NSE
,,SGBDEC2512-GB,,NSE
,,SGBDEC2513-GB,,NSE
,,SGBDEC25XI-GB,,NSE
,,SGBDEC26-GB,,NSE
,,SGBFEB24-GB,,NSE
,,SGBFEB27-GB,,NSE
,,SGBFEB28IX-GB,,NSE
,,SGBJ28VIII-GB,,NSE
,,SGBJAN26-GB,,NSE
,,SGBJAN27-GB,,NSE
,,SGBJUL25-GB,,NSE
,,SGBJUL27-GB,,NSE
,,SGBJUN27-GB,,NSE
,,SGBMAR24-GB,,NSE
,,SGBMAR25-GB,,NSE
,,SGBMAY25-GB,,NSE
,,SGBMAY26-GB,,NSE
,,SGBNOV23-GB,,NSE
,,SGBNOV24-GB,,NSE
,,SGBNOV25-GB,,NSE
,,SGBNOV258-GB,,NSE
,,SGBNOV25IX-GB,,NSE
,,SGBNOV25VI-GB,,NSE
,,SGBNOV26-GB,,NSE
,,SGBOCT25-GB,,NSE
,,SGBOCT25IV-GB,,NSE
,,SGBOCT25V-GB,,NSE
,,SGBOCT26-GB,,NSE
,,SGBOCT27-GB,,NSE
,,SGBOCT27VI-GB,,NSE
,,SGBSEP24-GB,,NSE
,,SGBSEP27-GB,,NSE
STLGLOBAL,STL GLOBAL,SGL,,NSE
SHAHALLOYS,SHAH ALLOYS,SHAHALLOYS-BE,,NSE
,,SHAIVAL-SM,,NSE
SHAKTIPUMPS(I),SHAKTI PUMPS (I),SHAKTIPUMP,,NSE
SHALBY,SHALBY,SHALBY,,NSE
SHALIMPAINTS,SHALIM PAINTS,SHALPAINTS,,NSE
SHANKARABLDGPRODUCT,SHANKARA BLDG PRODUCT,SHANKARA,,NSE
,,SHANTI-SM,,NSE
SHANTHIGEARS,SHANTHI GEARS,SHANTIGEAR,,NSE
SHARDACROPCHEM.,SHARDA CROPCHEM.,SHARDACROP,,NSE
SHARDAMOTORINDS,SHARDA MOTOR INDS,SHARDAMOTR,,NSE
NIPPINDETFSHARIAHBEES,NIPP IND ETF SHARIAH BEES,SHARIABEES,,NSE
SHEMAROOENTER..,SHEMAROO ENTER..,SHEMAROO,,NSE
SOMANYHOMINNOVATION,SOMANY HOM INNOVATION,SHIL,,NSE
SHILPAMEDICARE,SHILPA MEDICARE,SHILPAMED,,NSE
SHIRPURGOLDREFINERY,SHIRPUR GOLD REFINERY,SHIRPUR-G-BE,,NSE
SHIVAMAUTO.LTD,SHIVAM AUTO.LTD,SHIVAMAUTO,,NSE
SHIVAMILLS,SHIVA MILLS,SHIVAMILLS,,NSE
SHIVATEXYARN,SHIVA TEXYARN,SHIVATEX,,NSE
,,SHIVAUM-SM,,NSE
SHKELKARANDCO..,S H KELKAR AND CO..,SHK,,NSE
SHOPPERSSTOP,SHOPPERS STOP,SHOPERSTOP,,NSE
,,SHRADHA-SM,,NSE
SHREEDIGVIJAYCEMCO,SHREE DIGVIJAY CEM CO,SHREDIGCEM,,NSE
SHREECEMENT,SHREE CEMENT,SHREECEM,,NSE
SHREPUSHCHEM&FERT,SHRE PUSH CHEM & FERT,SHREEPUSHK,,NSE
SHREERAMAMULTITECH,SHREE RAMA MULTI TECH,SHREERAMA,,NSE
SHRENIK,SHRENIK,SHRENIK,,NSE
SHREYANSINDUSTRIES,SHREYANS INDUSTRIES,SHREYANIND,,NSE
SHREYASSHIPPING&LOGIST,SHREYAS SHIPPING & LOGIST,SHREYAS,,NSE
SHRIRAMPIST.&RING,SHRIRAM PIST. & RING,SHRIPISTON-BE,,NSE
SHRIRAMCITYUNIFIN.LTD.,SHRIRAM CITYUNI FIN.LTD.,SHRIRAMCIT,,NSE
SHRIRAMEPC.,SHRIRAM EPC.,SHRIRAMEPC,,NSE
,,SHUBHLAXMI-SM,,NSE
SHYAMCENTURYFERROUS,SHYAM CENTURY FERROUS,SHYAMCENT-BE,,NSE
SHYAMTELECOM,SHYAM TELECOM,SHYAMTEL-BE,,NSE
SICAGENINDIA,SICAGEN INDIA,SICAGEN,,NSE
SICALLOGISTICS,SICAL LOGISTICS,SICAL,,NSE
SIEMENS,SIEMENS,SIEMENS,,NSE
SIGNETINDUSTRIES,SIGNET INDUSTRIES,SIGIND,,NSE
,,SIKKO-SM,,NSE
STANDARDINDUSTRIES.,STANDARD INDUSTRIES.,SIL-BE,,NSE
,,SILGO-SM,,NSE
SILINVESTMENTS,SIL INVESTMENTS,SILINV,,NSE
,,SILLYMONKS-SM,,NSE
,,SILVERTUC-SM,,NSE
SIMBHAOLISUGARS.,SIMBHAOLI SUGARS.,SIMBHALS,,NSE
SIMPLEXINFRASTRUCTURESL,SIMPLEX INFRASTRUCTURES L,SIMPLEXINF,,NSE
,,SINTERCOM-SM,,NSE
SINTEXINDUSTRIES,SINTEX INDUSTRIES,SINTEX-BE,,NSE
SIRCAPAINTINDIA,SIRCA PAINT INDIA,SIRCA-BE,,NSE
SECURITYINTELLSERVICES,SECURITY INTELL SERVICES,SIS,,NSE
SITINETWORKS,SITI NETWORKS,SITINET-BE,,NSE
SIYARAMSILKMILLS,SIYARAM SILK MILLS,SIYSIL,,NSE
SJVN,SJVN,SJVN,,NSE
SKFINDIA,SKF INDIA,SKFINDIA,,NSE
SKILINFRASTRUCTURE.,SKIL INFRASTRUCTURE.,SKIL-BE,,NSE
SKIPPER,SKIPPER,SKIPPER,,NSE
SKMEGGPRODEXPORT(I)LT,SKM EGG PROD EXPORT(I) LT,SKMEGGPROD,,NSE
,,SKSTEXTILE-SM,,NSE
SMARTLINKHOLDINGS,SMARTLINK HOLDINGS,SMARTLINK,,NSE
SMLISUZU,SML ISUZU,SMLISUZU,,NSE
,,SMPL-BZ,,NSE
SMSLIFESCIENCES(I),SMS LIFESCIENCES (I),SMSLIFE,,NSE
SMSPHARMACEUTICALS.,SMS PHARMACEUTICALS.,SMSPHARMA,,NSE
,,SMVD-SM,,NSE
SNOWMANLOGISTICS.,SNOWMAN LOGISTICS.,SNOWMAN,,NSE
SOBHA,SOBHA,SOBHA,,NSE
,,SOFTTECH-SM,,NSE
SOLARAACTIVEPHASCI,SOLARA ACTIVE PHA SCI,SOLARA,,NSE
SOLARINDUSTRIES(I),SOLAR INDUSTRIES (I),SOLARINDS,,NSE
,,SOLEX-SM,,NSE
SOMANYCERAMICS,SOMANY CERAMICS,SOMANYCERA,,NSE
SOMATEXTILES&INDUSTLT,SOMA TEXTILES & INDUST LT,SOMATEX,,NSE
SOMICONVEYORBELT..,SOMI CONVEYOR BELT..,SOMICONVEY,,NSE
,,SONAHISONA-SM,,NSE
,,SONAMCLOCK-SM,,NSE
SONATASOFTWARE,SONATA SOFTWARE,SONATSOFTW,,NSE
,,SONISOYA-SM,,NSE
SORILINFRARESOURCES,SORIL INFRA RESOURCES,SORILINFRA,,NSE
SAVITAOILTECHNOLO.,SAVITA OIL TECHNOLO.,SOTL,,NSE
THESOUTHINDIANBANK,THE SOUTH INDIAN BANK,SOUTHBANK,,NSE
SOUTHWESTPINNACLE,SOUTH WEST PINNACLE,SOUTHWEST,,NSE
S.P.APPARELS,S. P. APPARELS,SPAL,,NSE
SPANDANASPHOORTYFIN,SPANDANA SPHOORTY FIN,SPANDANA,,NSE
SUNPHARMAADV.RES.CO.LTD,SUN PHARMA ADV.RES.CO.LTD,SPARC,,NSE
SPACENETENTERSIND,SPACENET ENTERS IND,SPCENET-BE,,NSE
SPECIALITYREST,SPECIALITY REST,SPECIALITY,,NSE
,,SPECTRUM-SM,,NSE
SPENCER'SRETAIL,SPENCER'S RETAIL,SPENCERS,,NSE
SPENTEXIND.,SPENTEX IND.,SPENTEX-BE,,NSE
SPIC,SPIC,SPIC,,NSE
SPICEJET,SPICEJET,SPICEJET,,NSE
SPLINDUSTRIES,SPL INDUSTRIES,SPLIL,,NSE
SPMLINFRA,SPML INFRA,SPMLINFRA,,NSE
SINTEXPLASTICSTECH,SINTEX PLASTICS TECH,SPTL-BE,,NSE
SHEKHAWATIPOLY-YARN.,SHEKHAWATI POLY-YARN.,SPYL-BE,,NSE
SREELEATHERS,SREELEATHERS,SREEL,,NSE
,,SREIBNPNCD-N7,,NSE
,,SREIBNPNCD-N8,,NSE
,,SREIBNPNCD-N9,,NSE
,,SREIBNPNCD-NI,,NSE
,,SREIBNPNCD-NJ,,NSE
,,SREIBNPNCD-NK,,NSE
,,SREIBNPNCD-NL,,NSE
,,SREIBNPNCD-NM,,NSE
,,SREIBNPNCD-NN,,NSE
,,SREIBNPNCD-NO,,NSE
,,SREIBNPNCD-NP,,NSE
,,SREIBNPNCD-NQ,,NSE
,,SREIBNPNCD-NR,,NSE
,,SREIBNPNCD-NS,,NSE
,,SREIBNPNCD-NT,,NSE
,,SREIBNPNCD-NU,,NSE
,,SREIBNPNCD-NV,,NSE
,,SREIBNPNCD-NW,,NSE
SREIINFRASTRUCTUREFINAN,SREI INFRASTRUCTURE FINAN,SREINFRA,,NSE
,,SREINFRA-NZ,,NSE
,,SREINFRA-Y1,,NSE
,,SREINFRA-Y2,,NSE
,,SREINFRA-Y8,,NSE
,,SREINFRA-Y9,,NSE
,,SREINFRA-YA,,NSE
,,SREINFRA-YG,,NSE
,,SREINFRA-YH,,NSE
,,SREINFRA-YI,,NSE
,,SREINFRA-YJ,,NSE
,,SREINFRA-YK,,NSE
,,SREINFRA-YL,,NSE
,,SREINFRA-YM,,NSE
,,SREINFRA-YN,,NSE
,,SREINFRA-YO,,NSE
SRF,SRF,SRF,,NSE
SREERAYALSEEMAHHP.,SREE RAYALSEEMA HHP.,SRHHYPOLTD,,NSE
SRIKALAHASTHIPIPES,SRIKALAHASTHI PIPES,SRIPIPES,,NSE
,,SRIRAM-SM,,NSE
,,SRPL-SM,,NSE
SHRIRAMTRANSPORTFINCO.,SHRIRAM TRANSPORT FIN CO.,SRTRANSFIN,,NSE
,,SRTRANSFIN-Y3,,NSE
,,SRTRANSFIN-Y6,,NSE
,,SRTRANSFIN-Y9,,NSE
,,SRTRANSFIN-YB,,NSE
,,SRTRANSFIN-YG,,NSE
,,SRTRANSFIN-YH,,NSE
,,SRTRANSFIN-YI,,NSE
,,SRTRANSFIN-YJ,,NSE
,,SRTRANSFIN-YK,,NSE
,,SRTRANSFIN-YL,,NSE
,,SRTRANSFIN-YM,,NSE
,,SRTRANSFIN-YN,,NSE
,,SRTRANSFIN-YO,,NSE
,,SRTRANSFIN-YP,,NSE
,,SRTRANSFIN-YQ,,NSE
,,SRTRANSFIN-YR,,NSE
,,SRTRANSFIN-YS,,NSE
,,SRTRANSFIN-YT,,NSE
,,SRTRANSFIN-YU,,NSE
,,SRTRANSFIN-YV,,NSE
,,SRTRANSFIN-YW,,NSE
,,SRTRANSFIN-YX,,NSE
,,SRTRANSFIN-YY,,NSE
,,SRTRANSFIN-YZ,,NSE
,,SRTRANSFIN-Z1,,NSE
,,SRTRANSFIN-Z2,,NSE
,,SRTRANSFIN-Z3,,NSE
,,SRTRANSFIN-Z4,,NSE
,,SRTRANSFIN-Z5,,NSE
,,SRTRANSFIN-Z6,,NSE
,,SRTRANSFIN-Z7,,NSE
,,SRTRANSFIN-Z8,,NSE
,,SRTRANSFIN-Z9,,NSE
,,SRTRANSFIN-ZA,,NSE
,,SRTRANSFIN-ZB,,NSE
,,SRTRANSFIN-ZC,,NSE
,,SRTRANSFIN-ZD,,NSE
,,SRTRANSFIN-ZE,,NSE
,,SRTRANSFIN-ZF,,NSE
,,SRTRANSFIN-ZG,,NSE
,,SRTRANSFIN-ZH,,NSE
,,SRTRANSFIN-ZI,,NSE
,,SRTRANSFIN-ZJ,,NSE
,,SRTRANSFIN-ZK,,NSE
,,SSINFRA-SM,,NSE
STEELSTRIPSWHEELS.,STEEL STRIPS WHEELS.,SSWL,,NSE
STAMPEDECAPITAL,STAMPEDE CAPITAL,STAMPEDE-BE,,NSE
,,STAN-DR,,NSE
STRIDESPHARMASCI,STRIDES PHARMA SCI,STAR,,NSE
STARCEMENT,STAR CEMENT,STARCEMENT,,NSE
STARPAPERMILLS,STAR PAPER MILLS,STARPAPER,,NSE
THESTATETRADINGCORPN,THE STATE TRADING CORPN,STCINDIA,,NSE
STEELCITYSECURITIES,STEEL CITY SECURITIES,STEELCITY,,NSE
STEELEXCHANGEINDIA,STEEL EXCHANGE INDIA,STEELXIND-BE,,NSE
STELHOLDINGS,STEL HOLDINGS,STEL,,NSE
STERLINGTOOLS,STERLING TOOLS,STERTOOLS,,NSE
STIINDIA,STI INDIA,STINDIA,,NSE
STERLITETECHNOLOGIES,STERLITE TECHNOLOGIES,STRTECH,,NSE
INTERNATIONALCONST,INTERNATIONAL CONST,SUBCAPCITY-BE,,NSE
SUBEX,SUBEX,SUBEX,,NSE
SUBROS,SUBROS,SUBROS,,NSE
SUDARSHANCHEMICALINDSL,SUDARSHAN CHEMICAL INDS L,SUDARSCHEM,,NSE
SUJANAUNI.INDS..,SUJANA UNI. INDS..,SUJANAUNI-BE,,NSE
SUMEETIND,SUMEET IND,SUMEETINDS-BE,,NSE
SUMITOMOCHEMINDIA,SUMITOMO CHEM INDIA,SUMICHEM,,NSE
SUMITWOODS,SUMIT WOODS,SUMIT-BE,,NSE
SUMMITSECURITIES,SUMMIT SECURITIES,SUMMITSEC,,NSE
SUNDARAMCLAYTON,SUNDARAM CLAYTON,SUNCLAYLTD,,NSE
SUNDARAMMULTIPAP,SUNDARAM MULTI PAP,SUNDARAM,,NSE
SUNDARAMFINANCE,SUNDARAM FINANCE,SUNDARMFIN,,NSE
SUNDARAMFINANCEHOLD,SUNDARAM FINANCE HOLD,SUNDARMHLD,,NSE
SUNDARAMBRAKLININGS,SUNDARAM BRAK LININGS,SUNDRMBRAK,,NSE
SUNDRAMFASTENERS,SUNDRAM FASTENERS,SUNDRMFAST,,NSE
SUNFLAGIRONANDSTEELCO,SUNFLAG IRON AND STEEL CO,SUNFLAG,,NSE
SUNPHARMACEUTICALINDL,SUN PHARMACEUTICAL IND L,SUNPHARMA,,NSE
SUNTECKREALTY,SUNTECK REALTY,SUNTECK,,NSE
SUNTVNETWORK,SUN TV NETWORK,SUNTV,,NSE
SUPERHOUSE,SUPERHOUSE,SUPERHOUSE,,NSE
SUPERSPINNINGMILLS,SUPER SPINNING MILLS,SUPERSPIN-BE,,NSE
SUPREMEPETROCHEMICALSLT,SUPREME PETROCHEMICALS LT,SUPPETRO,,NSE
SUPRAJITENGINEERING,SUPRAJIT ENGINEERING,SUPRAJIT,,NSE
,,SUPREMEENG-SM,,NSE
SUPREMEINDUSTRIES,SUPREME INDUSTRIES,SUPREMEIND,,NSE
SUPREMEINFRA..,SUPREME INFRA..,SUPREMEINF-BE,,NSE
SURANASOLAR,SURANA SOLAR,SURANASOL-BE,,NSE
SURANATELECOMANDPOWLT,SURANA TELECOM AND POW LT,SURANAT&P,,NSE
,,SURANI-SM,,NSE
,,SUREVIN-SM,,NSE
SURYALAKSHMICOTMIL,SURYALAKSHMI COT MIL,SURYALAXMI,,NSE
SURYAROSHNI,SURYA ROSHNI,SURYAROSNI,,NSE
SUTLEJTEXT&INDUS,SUTLEJ TEXT & INDUS,SUTLEJTEX,,NSE
,,SUULD-SM,,NSE
SUVENLIFESCIENCES,SUVEN LIFE SCIENCES,SUVEN,,NSE
SUZLONENERGY,SUZLON ENERGY,SUZLON,,NSE
,,SVLL-SM,,NSE
SWANENERGY,SWAN ENERGY,SWANENERGY,,NSE
SWARAJENGINES,SWARAJ ENGINES,SWARAJENG,,NSE
SWELECTENERGYSYS,SWELECT ENERGY SYS,SWELECTES,,NSE
STERLING&WILSONSO,STERLING & WILSON SO,SWSOLAR,,NSE
SYMPHONY,SYMPHONY,SYMPHONY,,NSE
SYNCOMHEALTHCARE,SYNCOM HEALTHCARE,SYNCOM,,NSE
SYNDICATEBANK,SYNDICATE BANK,SYNDIBANK,,NSE
SYNGENEINTERNATIONAL,SYNGENE INTERNATIONAL,SYNGENE,,NSE
TAINWALACHEMICALANDPLA,TAINWALA CHEMICAL AND PLA,TAINWALCHM,,NSE
TAJGVKHOTELS&RESORTS,TAJ GVK HOTELS & RESORTS,TAJGVK,,NSE
TAKESOLUTIONS,TAKE SOLUTIONS,TAKE,,NSE
TALBROSAUTO.COMP.,TALBROS AUTO. COMP.,TALBROAUTO,,NSE
TALWALKARFITNESS,TALWALKAR FITNESS,TALWALKARS,,NSE
TALWALKARSHEALTHCLUB,TALWALKARS HEALTHCLUB,TALWGYM,,NSE
TANLASOLUTIONS,TANLA SOLUTIONS,TANLA,,NSE
TANTIACONST,TANTIA CONST,TANTIACONS-BE,,NSE
,,TARACHAND-SM,,NSE
TARAPURTRANSFORMERS,TARAPUR TRANSFORMERS,TARAPUR-BE,,NSE
TARMAT,TARMAT,TARMAT,,NSE
TASTYBITEEATABLES,TASTY BITE EATABLES,TASTYBITE,,NSE
,,TATACAPHSG-N1,,NSE
,,TATACAPHSG-N2,,NSE
,,TATACAPHSG-N3,,NSE
,,TATACAPHSG-N4,,NSE
,,TATACAPHSG-N5,,NSE
,,TATACAPHSG-N6,,NSE
,,TATACAPHSG-N7,,NSE
,,TATACAPHSG-N8,,NSE
,,TATACAPHSG-N9,,NSE
,,TATACAPHSG-NA,,NSE
,,TATACAPHSG-NB,,NSE
TATACHEMICALS,TATA CHEMICALS,TATACHEM,,NSE
TATACOFFEE,TATA COFFEE,TATACOFFEE,,NSE
TATACOMMUNICATIONS,TATA COMMUNICATIONS,TATACOMM,,NSE
TATAELXSI,TATA ELXSI,TATAELXSI,,NSE
TATAGLOBALBEVERAGES,TATA GLOBAL BEVERAGES,TATAGLOBAL,,NSE
TATAINVESTMENTCORP,TATA INVESTMENT CORP,TATAINVEST,,NSE
TATAMETALIKS,TATA METALIKS,TATAMETALI,,NSE
TATAMOTORS,TATA MOTORS,TATAMOTORS,,NSE
TATAMOTORSDVR'A'ORD,TATA MOTORS DVR 'A' ORD,TATAMTRDVR,,NSE
TATAPOWERCO,TATA POWER CO,TATAPOWER,,NSE
TATASTEEL,TATA STEEL,TATASTEEL,,NSE
,,TATASTEEL-E1,,NSE
TATASTEELBSL,TATA STEEL BSL,TATASTLBSL,,NSE
TATASTEELLONGPRO,TATA STEEL LONG PRO,TATASTLLP,,NSE
TRIBBHIMJIZAVERI,TRIB BHIMJI ZAVERI,TBZ,,NSE
,,TCFSL-NA,,NSE
,,TCFSL-NB,,NSE
,,TCFSL-NC,,NSE
,,TCFSL-ND,,NSE
,,TCFSL-NE,,NSE
,,TCFSL-NF,,NSE
,,TCFSL-NG,,NSE
,,TCFSL-NH,,NSE
,,TCFSL-NI,,NSE
,,TCFSL-NJ,,NSE
,,TCFSL-NK,,NSE
,,TCFSL-NL,,NSE
,,TCFSL-NM,,NSE
,,TCFSL-NN,,NSE
TRANSPORTCORPNOFINDIA,TRANSPORT CORPN OF INDIA,TCI,,NSE
TCIDEVELOPERS,TCI DEVELOPERS,TCIDEVELOP,,NSE
TCIEXPRESS,TCI EXPRESS,TCIEXP,,NSE
TCIFINANCE,TCI FINANCE,TCIFINANCE,,NSE
TCNSCLOTHINGCO.,TCNS CLOTHING CO.,TCNSBRANDS,,NSE
TCPLPACKAGING,TCPL PACKAGING,TCPLPACK,,NSE
TATACONSULTANCYSERVLT,TATA CONSULTANCY SERV LT,TCS,,NSE
TDPOWERSYSTEMS.,TD POWER SYSTEMS.,TDPOWERSYS,,NSE
TEAMLEASESERVICES.,TEAMLEASE SERVICES.,TEAMLEASE,,NSE
TECHINDIANIRMAN,TECHINDIA NIRMAN,TECHIN,,NSE
TECHMAHINDRA,TECH MAHINDRA,TECHM,,NSE
TECHNOELEC&ENGCO.,TECHNO ELEC & ENG CO.,TECHNOE,,NSE
TECHNOFABENG,TECHNOFAB ENG,TECHNOFAB-BE,,NSE
TEJASNETWORKS,TEJAS NETWORKS,TEJASNET,,NSE
TERASOFTWARE,TERA SOFTWARE,TERASOFT,,NSE
TEXMACOINFRA&HOLDG,TEXMACO INFRA & HOLDG,TEXINFRA,,NSE
TEXMOPIPE&PRODUCTS,TEXMO PIPE & PRODUCTS,TEXMOPIPES,,NSE
TEXMACORAIL&ENG..,TEXMACO RAIL & ENG..,TEXRAIL,,NSE
TOURISMFINANCECORP.OF,TOURISM FINANCE CORP. OF,TFCILTD,,NSE
TRANSWARRANTYFIN..,TRANSWARRANTY FIN..,TFL-BE,,NSE
TGBBANQUETS&HOTELS,TGB BANQUETS&HOTELS,TGBHOTELS,,NSE
THANGAMAYILJEWELLERY,THANGAMAYIL JEWELLERY,THANGAMAYL,,NSE
THEINVESTTRUSTOFINDL,THE INVEST TRUST OF IND L,THEINVEST,,NSE
,,THEJO-SM,,NSE
THEMISMEDICARE.,THEMIS MEDICARE.,THEMISMED-BE,,NSE
THERMAX,THERMAX,THERMAX,,NSE
,,THIRUSUGAR-BZ,,NSE
THOMASCOOK(INDIA),THOMAS COOK (INDIA),THOMASCOOK,,NSE
THOMASSCOTT(INDIA),THOMAS SCOTT (INDIA),THOMASCOTT-BE,,NSE
THYROCARETECH,THYROCARE TECH,THYROCARE,,NSE
TILAKNAGARINDUSTRIES,TILAKNAGAR INDUSTRIES,TI-BE,,NSE
TIDEWATEROIL,TIDE WATER OIL,TIDEWATER,,NSE
TECHNOCRAFTIND,TECHNOCRAFT IND,TIIL,,NSE
TUBEINVESTOFINDIA,TUBE INVEST OF INDIA,TIINDIA,,NSE
TIJARIAPOLYPIPES,TIJARIA POLYPIPES,TIJARIA,,NSE
TIL,TIL,TIL,,NSE
TIMESGUARANTY,TIMES GUARANTY,TIMESGTY,,NSE
TIMETECHNOPLAST.,TIME TECHNOPLAST.,TIMETECHNO,,NSE
TIMKENINDIA.,TIMKEN INDIA.,TIMKEN,,NSE
THETINPLATECO.(I),THE TINPLATE CO. (I),TINPLATE,,NSE
TIPSINDUSTRIES.,TIPS INDUSTRIES.,TIPSINDLTD-BE,,NSE
THIRUMALAICHEMICALS,THIRUMALAI CHEMICALS,TIRUMALCHM,,NSE
,,TIRUPATI-SM,,NSE
,,TIRUPATIFL-SM,,NSE
TITANCOMPANY,TITAN COMPANY,TITAN,,NSE
THEMANDHANARETVENT,THE MANDHANA RET VENT,TMRVL,,NSE
TAMILNADUPETROPRODUCTSL,TAMILNADU PETROPRODUCTS L,TNPETRO,,NSE
TAMILNADUNEWSPRT&PAPER,TAMILNADU NEWSPRT & PAPER,TNPL,,NSE
TAMILNADUTELECOMMUNICATI,TAMILNADU TELECOMMUNICATI,TNTELE-BE,,NSE
TOKYOPLASTINTL,TOKYO PLAST INTL,TOKYOPLAST,,NSE
TORRENTPHARMACEUTICALSL,TORRENT PHARMACEUTICALS L,TORNTPHARM,,NSE
TORRENTPOWER,TORRENT POWER,TORNTPOWER,,NSE
,,TOTAL-SM,,NSE
TOUCHWOODENTERTAIN.,TOUCHWOOD ENTERTAIN.,TOUCHWOOD,,NSE
TPLPLASTECH,TPL PLASTECH,TPLPLASTEH,,NSE
,,TRANSWIND-SM,,NSE
TREEHOUSEEDU,TREE HOUSE EDU,TREEHOUSE,,NSE
TREJHARASOLUTIONS,TREJHARA SOLUTIONS,TREJHARA,,NSE
TRENT,TRENT,TRENT,,NSE
TRF,TRF,TRF,,NSE
TRIDENT,TRIDENT,TRIDENT,,NSE
TRIGYNTECHNOLOGIES,TRIGYN TECHNOLOGIES,TRIGYN,,NSE
TRANS&RECTI.,TRANS & RECTI.,TRIL,,NSE
TRIVENITURBINE,TRIVENI TURBINE,TRITURBINE,,NSE
TRIVENIENGG.&INDS.,TRIVENI ENGG. & INDS.,TRIVENI,,NSE
TTKHEALTHCARE,TTK HEALTHCARE,TTKHLTCARE,,NSE
TTKPRESTIGE,TTK PRESTIGE,TTKPRESTIG,,NSE
TT,T T,TTL,,NSE
TATATELESERV(MAHARASTRA),TATA TELESERV(MAHARASTRA),TTML,,NSE
TV18BROADCAST,TV18 BROADCAST,TV18BRDCST,,NSE
TVSELECTRONICS,TVS ELECTRONICS,TVSELECT,,NSE
TVSMOTORCOMPANY,TVS MOTOR COMPANY ,TVSMOTOR,,NSE
TVSSRICHAKRA,TVS SRICHAKRA,TVSSRICHAK,,NSE
TVTODAYNETWORK,TV TODAY NETWORK,TVTODAY,,NSE
TVVISION,TV VISION,TVVISION,,NSE
TITAGARHWAGONS.,TITAGARH WAGONS.,TWL,,NSE
UNITEDBREWERIES,UNITED BREWERIES,UBL,,NSE
UCALFUELSYSTEMS,UCAL FUEL SYSTEMS,UCALFUEL,,NSE
,,UCL-SM,,NSE
UCOBANK,UCO BANK,UCOBANK,,NSE
UFLEX,UFLEX,UFLEX,,NSE
UFOMOVIEZINDIA.,UFO MOVIEZ INDIA.,UFO,,NSE
THEUGARSUGARWORKS,THE UGAR SUGAR WORKS,UGARSUGAR,,NSE
UJAASENERGY,UJAAS ENERGY,UJAAS,,NSE
UJJIVANFIN.SERVC..,UJJIVAN FIN. SERVC..,UJJIVAN,,NSE
UJJIVANSMALLFINANCBANK,UJJIVAN SMALL FINANC BANK,UJJIVANSFB,,NSE
ULTRATECHCEMENT,ULTRATECH CEMENT,ULTRACEMCO,,NSE
UMANGDAIRIES,UMANG DAIRIES,UMANGDAIRY,,NSE
USHAMARTINEDU&SOL,USHA MARTIN EDU & SOL,UMESLTD,,NSE
UNICHEMLABORATORIES,UNICHEM LABORATORIES,UNICHEMLAB,,NSE
UNIPHOSENTERPRISES,UNIPHOS ENTERPRISES,UNIENTER,,NSE
,,UNIINFO-SM,,NSE
UNIONBANKOFINDIA,UNION BANK OF INDIA,UNIONBANK,,NSE
UNIPLYINDUSTRIES,UNIPLY INDUSTRIES,UNIPLY,,NSE
UNITECH,UNITECH,UNITECH-BE,,NSE
UNITEDBANKOFINDIA,UNITED BANK OF INDIA,UNITEDBNK,,NSE
,,UNITEDPOLY-SM,,NSE
UNITEDNILGIRITEA,UNITED NILGIRI TEA,UNITEDTEA,,NSE
,,UNITY-BZ,,NSE
,,UNIVASTU-SM,,NSE
UNIVERSALCABLES,UNIVERSAL CABLES,UNIVCABLES,,NSE
UNIVERSUSIMAGINGS,UNIVERSUS IMAGINGS,UNIVPHOTO-BE,,NSE
UPL,UPL,UPL,,NSE
,,URAVI-SM,,NSE
URJAGLOBAL,URJA GLOBAL,URJA-BE,,NSE
USHAMARTIN.,USHA MARTIN.,USHAMART,,NSE
UTIAMC-UTINEXT50,UTIAMC - UTINEXT50,UTINEXT50,,NSE
UTIAMC-UTINIFTETF,UTIAMC - UTINIFTETF,UTINIFTETF,,NSE
UTIAMC-UTISENSETF,UTIAMC - UTISENSETF,UTISENSETF,,NSE
UTIAMC-UTISXN50,UTIAMC - UTISXN50,UTISXN50,,NSE
UTTAMGALVASTEELS,UTTAM GALVA STEELS,UTTAMSTL,,NSE
UTTAMSUGARMILLS.,UTTAM SUGAR MILLS.,UTTAMSUGAR,,NSE
UTTAMVALUESTEELS,UTTAM VALUE STEELS,UVSL,,NSE
,,UWCSL-SM,,NSE
V2RETAIL,V2 RETAIL,V2RETAIL,,NSE
VADILALINDUSTRIES,VADILAL INDUSTRIES,VADILALIND,,NSE
VAIBHAVGLOBAL,VAIBHAV GLOBAL,VAIBHAVGBL,,NSE
VAISHALIPHARMA,VAISHALI PHARMA,VAISHALI,,NSE
VAKRANGEE,VAKRANGEE,VAKRANGEE,,NSE
VARDHAMANACRYLICS,VARDHAMAN ACRYLICS,VARDHACRLC,,NSE
VARDHMANPOLYTEX.,VARDHMAN POLYTEX.,VARDMNPOLY-BE,,NSE
VARROCENGINEERING.,VARROC ENGINEERING.,VARROC,,NSE
,,VASA-SM,,NSE
VASCONENGINEERS,VASCON ENGINEERS,VASCONEQ,,NSE
VASWANIIND,VASWANI IND,VASWANI,,NSE
VARUNBEVERAGES,VARUN BEVERAGES,VBL,,NSE
,,VCL-SM,,NSE
VEDANTA,VEDANTA,VEDL,,NSE
VENKY'S(INDIA),VENKY'S (INDIA),VENKEYS,,NSE
VENUSREMEDIES,VENUS REMEDIES,VENUSREM,,NSE
,,VERA-SM,,NSE
,,VERTOZ-SM,,NSE
VESUVIUSINDIA,VESUVIUS INDIA,VESUVIUS,,NSE
VETOSWITCHGEARCABLE,VETO SWITCHGEAR CABLE,VETO,,NSE
V-GUARDIND.,V-GUARD IND.,VGUARD,,NSE
VARDHMANHOLDINGS,VARDHMAN HOLDINGS,VHL,,NSE
VICEROYHOTELS,VICEROY HOTELS,VICEROY-BE,,NSE
,,VIDEOIND-BZ,,NSE
VIDHISPCLTYFINGRDNTSL,VIDHI SPCLTY F INGRDNTS L,VIDHIING,,NSE
VIJIFINANCE,VIJI FINANCE,VIJIFIN,,NSE
VIKASECOTECH,VIKAS ECOTECH,VIKASECO,,NSE
VIKASMULTICORP,VIKAS MULTICORP,VIKASMCORP,,NSE
VIKASPROP&GRANITE,VIKAS PROP & GRANITE,VIKASPROP,,NSE
VIKASWSP,VIKAS WSP,VIKASWSP,,NSE
VIMTALABS,VIMTA LABS,VIMTALABS,,NSE
VINATIORGANICS,VINATI ORGANICS,VINATIORGA,,NSE
VINDHYATELELINKS,VINDHYA TELELINKS,VINDHYATEL,,NSE
,,VINNY-SM,,NSE
VINYLCHEMICALS(I).,VINYL CHEMICALS (I).,VINYLINDIA,,NSE
VIPCLOTHING,VIP CLOTHING,VIPCLOTHNG,,NSE
VIPINDUSTRIES,VIP INDUSTRIES,VIPIND,,NSE
VIPUL,VIPUL,VIPULLTD-BE,,NSE
VISAKAINDUSTRIES,VISAKA INDUSTRIES,VISAKAIND,,NSE
VISASTEEL,VISA STEEL,VISASTEEL,,NSE
VISESHINFOTECNICS,VISESH INFOTECNICS,VISESHINFO-BE,,NSE
VISHALFABRICS,VISHAL FABRICS,VISHAL-BE,,NSE
VISHNUCHEMICALS,VISHNU CHEMICALS,VISHNU,,NSE
VISHWARAJSUGARIND,VISHWARAJ SUGAR IND,VISHWARAJ,,NSE
VISAGARPOLYTEX,VISAGAR POLYTEX,VIVIDHA-BE,,NSE
VIVIMEDLABS,VIVIMED LABS,VIVIMEDLAB,,NSE
VLSFINANCE,VLS FINANCE,VLSFINANCE,,NSE
VMARTRETAIL,VMART RETAIL,VMART,,NSE
VOLTAMPTRANSFORMERS,VOLTAMP TRANSFORMERS,VOLTAMP,,NSE
VOLTAS,VOLTAS,VOLTAS,,NSE
VRLLOGISTICS,VRL LOGISTICS,VRLLOG,,NSE
,,VSCL-SM,,NSE
VARDHMANSPCSTEEL,VARDHMAN SPC STEEL,VSSL,,NSE
VSTINDUSTRIES,VST INDUSTRIES,VSTIND,,NSE
VSTTILLERSTRACTORS,VST TILLERS TRACTORS,VSTTILLERS,,NSE
VARDHMANTEXTILES,VARDHMAN TEXTILES,VTL,,NSE
VATECHWABAG,VA TECH WABAG,WABAG,,NSE
WABCOINDIA,WABCO INDIA,WABCOINDIA,,NSE
WALCHANDNAGARINDUSTRIES,WALCHANDNAGAR INDUSTRIES,WALCHANNAG,,NSE
WANBURY,WANBURY,WANBURY-BE,,NSE
WATERBASE,WATERBASE,WATERBASE,,NSE
,,WEALTH-SM,,NSE
WEBSOLENERGYSYSTEM,WEBSOL ENERGY SYSTEM,WEBELSOLAR,,NSE
WEIZMANNFOREX,WEIZMANN FOREX,WEIZFOREX,,NSE
WEIZMANN,WEIZMANN,WEIZMANIND,,NSE
WELSPUNCORP,WELSPUN CORP,WELCORP,,NSE
WELSPUNENTERPRISES.,WELSPUN ENTERPRISES.,WELENT,,NSE
WELSPUNINV&COMM,WELSPUN INV & COMM,WELINV,,NSE
WELSPUNINDIA,WELSPUN INDIA,WELSPUNIND,,NSE
WENDT(INDIA),WENDT (INDIA),WENDT,,NSE
WESTLIFEDEVELOPMENT,WESTLIFE DEVELOPMENT,WESTLIFE,,NSE
,,WFL-SM,,NSE
WHEELSINDIA,WHEELS INDIA,WHEELS,,NSE
WHIRLPOOLOFINDIA,WHIRLPOOL OF INDIA,WHIRLPOOL,,NSE
WILLIAMSONMAGOR,WILLIAMSON MAGOR,WILLAMAGOR,,NSE
WINDSORMACHINES,WINDSOR MACHINES,WINDMACHIN,,NSE
THEWESTERNINDIAPLY,THE WESTERN INDIA PLY,WIPL-BE,,NSE
WIPRO,WIPRO,WIPRO,,NSE
WOCKHARDT,WOCKHARDT,WOCKPHARMA,,NSE
WONDERLAHOLIDAYS.,WONDERLA HOLIDAYS.,WONDERLA,,NSE
,,WORTH-SM,,NSE
W.S.INDUSTRIES(I).,W.S.INDUSTRIES (I).,WSI-BE,,NSE
WESTCOASTPAPERMILLSLT,WEST COAST PAPER MILLS LT,WSTCSTPAPR,,NSE
XCHANGINGSOLUTIONS,XCHANGING SOLUTIONS,XCHANGING,,NSE
XELPMOCDESIGN&TECH,XELPMOC DESIGN & TECH,XELPMOC,,NSE
XPROINDIA,XPRO INDIA,XPROINDIA,,NSE
YESBANK,YES BANK,YESBANK,,NSE
ZEEENTERTAINMENTENT,ZEE ENTERTAINMENT ENT,ZEEL,,NSE
,,ZEEL-P2,,NSE
ZEELEARN,ZEE LEARN,ZEELEARN,,NSE
ZEEMEDIACORPORATION,ZEE MEDIA CORPORATION,ZEEMEDIA-BE,,NSE
ZENITHBIRLA(INDIA),ZENITH BIRLA (INDIA),ZENITHBIR,,NSE
ZENITHEXPORTS,ZENITH EXPORTS,ZENITHEXPO-BE,,NSE
ZENSARTECHNOLOGIES,ZENSAR TECHNOLOGIES ,ZENSARTECH,,NSE
ZENTECHNOLOGIES,ZEN TECHNOLOGIES,ZENTEC,,NSE
ZICOMELECTSECSYS,ZICOM ELECT SEC SYS,ZICOM-BE,,NSE
,,ZODIAC-SM,,NSE
ZODIACCLOTHINGCO..,ZODIAC CLOTHING CO..,ZODIACLOTH,,NSE
ZODIACJRD-MKJ,ZODIAC JRD-MKJ,ZODJRDMKJ,,NSE
ZOTAHEALTHCARE,ZOTA HEALTH CARE,ZOTA,,NSE
ZUARIAGROCHEMICALS,ZUARI AGRO CHEMICALS,ZUARI,,NSE
ZUARIGLOBAL,ZUARI GLOBAL,ZUARIGLOB,,NSE
ZYDUSWELLNESS,ZYDUS WELLNESS,ZYDUSWELL,,NSE
